측정ID,시각,sun,Ta,Ts_sheet,dt_s,n_img,Ts4,Ts_min,Ts_max,files
20260820_서제2동_02,2026-08-20 12:40:00,1,34.6,49.25,-53,1,34.2,34.2,34.2,HM20260820120407
20260820_서제2동_03,2026-08-20 12:46:00,1,34.7,53.15,,0,,,,
20260820_서제2동_04,2026-08-20 12:50:00,1,34.8,50.89,-46,4,44.9,33.1,63.0,HM20260820121414 HM20260820121418 HM20260820121423 HM20260820121434
20260820_서제2동_05,2026-08-20 12:55:00,1,35.4,51.02,-44,2,39.1,32.6,45.6,HM20260820121916 HM20260820121929
20260820_서제2동_06,2026-08-20 13:00:00,0,33.0,40.42,,0,,,,
20260820_서제2동_07,2026-08-20 13:04:00,0,34.1,51.33,-22,1,34.8,34.8,34.8,HM20260820122838
20260820_서제2동_08,2026-08-20 13:08:00,0,34.8,51.51,40,3,46.0,44.0,60.5,HM20260820123340 HM20260820123351 HM20260820123357
20260820_서제2동_09,2026-08-20 13:12:00,1,35.8,58.32,-54,1,48.0,48.0,48.0,HM20260820123606
20260820_서제2동_10,2026-08-20 13:16:00,1,34.6,53.51,128,3,53.5,32.6,54.0,HM20260820124308 HM20260820124315 HM20260820124322
20260820_서제2동_11,2026-08-20 13:19:00,1,36.6,54.58,12,1,40.5,40.5,40.5,HM20260820124412
20260820_서제2동_12,2026-08-20 13:23:00,1,34.1,37.11,-17,3,51.2,49.0,52.3,HM20260820124743 HM20260820124751 HM20260820124802
20260820_서제2동_13,2026-08-20 13:26:00,1,35.2,46.86,-25,3,27.1,23.2,36.6,HM20260820125035 HM20260820125040 HM20260820125047
20260820_서제2동_14,2026-08-20 13:30:00,0,33.5,35.3,,0,,,,
20260820_서제2동_15,2026-08-20 13:33:00,0,33.9,47.95,-20,2,31.5,29.3,33.8,HM20260820125740 HM20260820125745
20260820_서제2동_16,2026-08-20 13:36:00,0,34.4,50.99,-59,3,37.4,34.5,43.1,HM20260820130001 HM20260820130015 HM20260820130020
20260820_서제2동_17,2026-08-20 13:39:00,0,35.0,52.98,1,4,39.4,36.3,45.7,HM20260820130401 HM20260820130405 HM20260820130411 HM20260820130416
20260820_서제2동_18,2026-08-20 13:42:00,1,34.9,57.95,-11,4,44.5,36.3,54.1,HM20260820130649 HM20260820130654 HM20260820130706 HM20260820130712
20260826_부암제1동_01,2026-08-26 15:06:00,0,38.7,45.81,50,4,37.2,35.3,44.7,HM20260826143150 HM20260826143153 HM20260826143157 HM20260826143200
20260826_부암제1동_02,2026-08-26 15:03:00,1,36.4,55.41,4,4,54.5,35.2,62.1,HM20260826142804 HM20260826142808 HM20260826142811 HM20260826142815
20260826_부암제1동_03,2026-08-26 15:00:00,0,38.3,53.36,33,4,42.0,29.7,47.4,HM20260826142533 HM20260826142536 HM20260826142539 HM20260826142544
20260826_부암제1동_04,2026-08-26 14:57:00,1,38.6,60.1,23,4,46.9,33.2,59.9,HM20260826142223 HM20260826142228 HM20260826142231 HM20260826142234
20260826_부암제1동_05,2026-08-26 14:53:00,1,36.5,57.25,42,4,50.7,39.9,57.3,HM20260826141842 HM20260826141846 HM20260826141850 HM20260826141855
20260826_부암제1동_06,2026-08-26 14:50:00,1,38.1,60.01,10,4,53.6,44.5,63.8,HM20260826141510 HM20260826141514 HM20260826141518 HM20260826141523
20260826_부암제1동_07,2026-08-26 14:47:00,1,38.2,62.08,-3,3,45.8,45.3,51.9,HM20260826141157 HM20260826141201 HM20260826141205
20260826_부암제1동_09,2026-08-26 14:32:00,1,36.0,58.34,-2,2,61.8,61.5,62.0,HM20260826135658 HM20260826135703
20260826_부암제1동_10,2026-08-26 14:27:00,1,36.0,61.39,70,4,58.7,46.4,67.5,HM20260826135310 HM20260826135316 HM20260826135320 HM20260826135324
20260826_부암제1동_11,2026-08-26 14:25:00,1,37.6,56.66,26,4,49.5,33.4,58.3,HM20260826135026 HM20260826135031 HM20260826135036 HM20260826135040
20260826_부암제1동_12,2026-08-26 14:22:00,1,37.3,55.51,63,3,52.3,35.3,53.9,HM20260826134803 HM20260826134808 HM20260826134812
20260826_부암제1동_13,2026-08-26 14:20:00,1,37.3,61.01,45,4,49.1,33.0,61.9,HM20260826134545 HM20260826134549 HM20260826134552 HM20260826134556
20260826_부암제1동_14,2026-08-26 14:17:00,1,37.3,60.2,43,3,52.9,35.2,68.8,HM20260826134243 HM20260826134248 HM20260826134252
20260826_부암제1동_15,2026-08-26 14:13:00,1,37.3,66.44,51,4,66.6,61.4,70.1,HM20260826133851 HM20260826133855 HM20260826133859 HM20260826133903
20260826_부암제1동_16,2026-08-26 14:10:00,1,36.8,64.07,52,4,63.8,58.6,75.2,HM20260826133552 HM20260826133556 HM20260826133600 HM20260826133608
20260826_보수동_01,2026-08-26 13:12:00,0,32.8,47.31,73,4,42.8,36.4,46.5,HM20260826123813 HM20260826123818 HM20260826123823 HM20260826123829
20260826_보수동_02,2026-08-26 13:09:00,0,32.0,45.47,-2,1,36.5,36.5,36.5,HM20260826123358
20260826_보수동_03,2026-08-26 13:04:00,0,34.0,53.26,44,4,44.7,33.3,50.7,HM20260826122944 HM20260826122950 HM20260826122957 HM20260826123001
20260826_보수동_04,2026-08-26 13:01:00,0,33.6,53.14,6,7,48.8,29.1,52.4,HM20260826122606 HM20260826122613 HM20260826122622 HM20260826122625 HM20260826122627 HM20260826122629 HM20260826122640
20260826_보수동_05,2026-08-26 12:57:00,1,33.5,50.16,24,4,38.2,23.5,47.8,HM20260826122224 HM20260826122230 HM20260826122235 HM20260826122239
20260826_보수동_06,2026-08-26 12:54:00,1,33.0,51.14,-48,4,45.2,38.2,49.8,HM20260826121812 HM20260826121822 HM20260826121826 HM20260826121829
20260826_보수동_07,2026-08-26 12:49:00,1,33.4,55.0,53,4,49.6,47.5,54.1,HM20260826121453 HM20260826121457 HM20260826121501 HM20260826121510
20260826_보수동_08,2026-08-26 12:44:00,1,36.0,50.68,19,2,46.6,40.4,52.8,HM20260826120919 HM20260826120934
20260826_보수동_09,2026-08-26 12:40:00,1,34.7,56.02,-13,4,53.0,40.0,56.2,HM20260826120447 HM20260826120451 HM20260826120458 HM20260826120501
20260826_보수동_10,2026-08-26 12:35:00,1,34.1,53.12,27,4,48.2,31.5,54.0,HM20260826120027 HM20260826120035 HM20260826120039 HM20260826120042
20260826_보수동_11,2026-08-26 12:28:00,1,34.5,53.17,26,4,46.6,33.6,52.6,HM20260826115326 HM20260826115331 HM20260826115335 HM20260826115342
20260826_보수동_12,2026-08-26 12:24:00,1,35.9,55.56,-23,4,47.1,28.0,58.6,HM20260826114837 HM20260826114841 HM20260826114845 HM20260826114849
20260826_보수동_13,2026-08-26 12:19:00,1,34.5,54.94,45,4,48.8,43.3,57.0,HM20260826114445 HM20260826114449 HM20260826114453 HM20260826114457
20260826_보수동_14,2026-08-26 12:16:00,1,35.5,54.55,-22,4,55.8,49.0,58.8,HM20260826114038 HM20260826114041 HM20260826114045 HM20260826114051
20260826_보수동_15,2026-08-26 12:09:00,1,33.6,54.58,,0,,,,
20260826_보수동_16,2026-08-26 12:05:00,1,33.0,61.1,98,4,56.5,50.2,61.1,HM20260826113138 HM20260826113143 HM20260826113147 HM20260826113151
20260825_용호제1동_01,2026-08-25 12:56:00,1,36.0,57.81,48,3,42.8,38.2,50.1,HM20260825122148 HM20260825122154 HM20260825122204
20260825_용호제1동_02,2026-08-25 12:51:00,1,35.2,57.04,36,4,53.7,48.6,61.8,HM20260825121636 HM20260825121640 HM20260825121652 HM20260825121706
20260825_용호제1동_03,2026-08-25 12:46:00,1,34.5,57.78,28,5,37.9,31.4,64.0,HM20260825121128 HM20260825121134 HM20260825121138 HM20260825121142 HM20260825121146
20260825_용호제1동_04,2026-08-25 12:43:00,1,34.6,51.55,41,4,48.8,33.8,56.6,HM20260825120841 HM20260825120846 HM20260825120849 HM20260825120853
20260825_용호제1동_05,2026-08-25 12:41:00,1,34.1,56.72,14,4,45.0,31.1,53.7,HM20260825120614 HM20260825120619 HM20260825120624 HM20260825120627
20260825_용호제1동_06,2026-08-25 12:36:00,1,35.2,54.35,66,3,53.1,50.0,55.6,HM20260825120206 HM20260825120215 HM20260825120221
20260825_용호제1동_07,2026-08-25 12:34:00,1,37.0,51.18,-15,3,54.2,45.3,54.8,HM20260825115845 HM20260825115849 HM20260825115851
20260825_용호제1동_08,2026-08-25 12:30:00,1,36.0,52.67,143,4,50.0,37.0,59.9,HM20260825115723 HM20260825115727 HM20260825115731 HM20260825115736
20260825_용호제1동_09,2026-08-25 12:27:00,1,36.9,54.99,23,4,51.2,37.7,54.0,HM20260825115223 HM20260825115227 HM20260825115232 HM20260825115235
20260825_용호제1동_10,2026-08-25 12:24:00,1,36.0,49.21,-10,4,42.4,31.7,48.6,HM20260825114850 HM20260825114857 HM20260825114901 HM20260825114905
20260825_용호제1동_11,2026-08-25 12:18:00,1,35.0,49.6,,0,,,,
20260825_용호제1동_12,2026-08-25 12:16:00,1,34.2,49.34,18,4,34.3,24.5,53.5,HM20260825114118 HM20260825114124 HM20260825114127 HM20260825114131
20260825_용호제1동_13,2026-08-25 12:12:00,1,35.0,52.75,14,4,49.1,31.6,59.4,HM20260825113714 HM20260825113722 HM20260825113725 HM20260825113729
20260825_용호제1동_14,2026-08-25 12:09:00,1,36.0,54.88,61,4,48.1,36.3,58.0,HM20260825113501 HM20260825113511 HM20260825113515 HM20260825113518
20260825_용호제1동_15,2026-08-25 12:06:00,1,34.1,55.9,28,4,48.2,39.0,57.4,HM20260825113128 HM20260825113131 HM20260825113135 HM20260825113140
20260823_명장제2동_01,2026-08-23 12:27:00,1,33.3,50.78,147,3,48.3,46.5,52.3,HM20260823115427 HM20260823115432 HM20260823115437
20260823_명장제3동_01,2026-08-23 12:17:00,0,32.9,38.77,28,3,39.1,38.4,40.4,HM20260823114228 HM20260823114238 HM20260823114250
20260823_명장제4동_01,2026-08-23 12:14:00,0,33.2,44.57,29,4,39.1,33.0,47.9,HM20260823113929 HM20260823113934 HM20260823113939 HM20260823113944
20260823_명장제5동_01,2026-08-23 12:11:00,0,34.4,45.52,49,4,34.6,29.7,43.7,HM20260823113649 HM20260823113654 HM20260823113659 HM20260823113704
20260823_명장제6동_01,2026-08-23 12:07:00,0,34.2,45.21,-17,4,41.5,31.0,44.2,HM20260823113143 HM20260823113148 HM20260823113152 HM20260823113157
20260823_명장제7동_01,2026-08-23 12:04:00,0,34.5,44.81,,0,,,,
20260823_명장제8동_01,2026-08-23 12:00:00,1,34.4,48.33,9,2,43.9,40.0,47.7,HM20260823112509 HM20260823112513
20260823_명장제9동_01,2026-08-23 11:56:00,1,36.4,57.96,46,4,59.2,57.0,61.6,HM20260823112146 HM20260823112150 HM20260823112155 HM20260823112200
20260823_명장제10동_01,2026-08-23 11:53:00,1,34.7,51.25,100,4,48.9,29.6,58.1,HM20260823111940 HM20260823111945 HM20260823111949 HM20260823111953
20260823_명장제11동_01,2026-08-23 11:50:00,1,36.8,53.02,69,4,44.9,25.0,58.3,HM20260823111609 HM20260823111613 HM20260823111618 HM20260823111623
20260823_명장제12동_01,2026-08-23 11:47:00,1,36.7,54.71,105,4,50.8,35.7,61.4,HM20260823111345 HM20260823111350 HM20260823111354 HM20260823111359
20260823_명장제13동_01,2026-08-23 11:43:00,1,36.9,52.39,31,4,43.9,30.4,52.7,HM20260823110831 HM20260823110836 HM20260823110841 HM20260823110845
20260823_명장제14동_01,2026-08-23 11:40:00,1,35.2,54.83,-31,5,51.5,44.5,56.5,HM20260823110429 HM20260823110434 HM20260823110438 HM20260823110442 HM20260823110446
20260823_명장제15동_01,2026-08-23 11:34:00,1,34.9,53.63,,0,,,,
20260823_명장제16동_01,2026-08-23 11:29:00,1,35.7,52.31,,0,,,,
20260823_명장제17동_01,2026-08-23 11:22:00,1,35.7,55.91,5,4,48.9,32.6,56.6,HM20260823104705 HM20260823104709 HM20260823104714 HM20260823104719
20260823_명장제18동_01,2026-08-23 11:19:00,1,35.0,53.48,,0,,,,
