측정ID,사진,시간차초,SVF,TVF,BVF,OTH,GVI_pix,SVF_0914,GVI_0914,BVI_0914,볕,비고
20260820_서제2동_02,144,47,0.5235,0.0393,0.4292,0.0079,0.018,0.5542,0.0221,0.5491,1,
20260820_서제2동_03,146,16,0.5856,0.0006,0.4094,0.0044,0.0,0.6198,0.0,0.5245,1,
20260820_서제2동_04,148,50,0.5137,0.0,0.4718,0.0145,0.0,0.5438,0.0,0.5941,1,
20260820_서제2동_05,151,42,0.5931,0.0,0.3921,0.0148,0.0,0.6278,0.0,0.5034,1,
20260820_서제2동_06,153,7,0.0099,0.0,0.7579,0.2321,0.0,0.0105,0.0,0.8852,1,
20260820_서제2동_07,158,64,0.5692,0.0,0.2516,0.1791,0.0,0.6025,0.0,0.2535,0,자세복원 실패 — 사용하지 말 것
20260820_서제2동_08,160,16,0.4498,0.0,0.5072,0.043,0.0,0.4761,0.0,0.6219,0,
20260820_서제2동_09,162,49,0.6953,0.0219,0.2694,0.0135,0.011,0.736,0.0135,0.3881,0,
20260820_서제2동_10,163,59,0.7145,0.0078,0.2439,0.0338,0.001,0.7563,0.0011,0.3654,1,
20260820_서제2동_11,165,30,0.7221,0.0,0.1851,0.0928,0.0,0.7643,0.0,0.2911,1,
20260820_서제2동_12,166,25,0.1776,0.0,0.6847,0.1377,0.0008,0.1879,0.001,0.7876,1,
20260820_서제2동_13,168,15,0.4456,0.0008,0.5412,0.0125,0.0011,0.4717,0.0013,0.642,0,
20260820_서제2동_14,170,27,0.098,0.0,0.7841,0.1179,0.0,0.1038,0.0,0.907,0,
20260820_서제2동_15,171,57,0.3995,0.0,0.5907,0.0098,0.0,0.4229,0.0,0.6791,0,
20260820_서제2동_16,173,49,0.537,0.0001,0.4334,0.0295,0.0,0.5684,0.0,0.5264,0,
20260820_서제2동_17,174,0,0.389,0.0,0.5563,0.0547,0.0245,0.4118,0.0295,0.6636,1,
20260820_서제2동_18,176,29,0.845,0.0152,0.1348,0.005,0.0181,0.8944,0.0223,0.2327,1,
20260823_명장제10동_01,189,7,0.7336,0.0369,0.2131,0.0164,0.0146,0.7765,0.0178,0.3572,1,
20260823_명장제11동_01,188,15,0.6281,0.1233,0.1503,0.0983,0.0656,0.6648,0.0794,0.1673,1,
20260823_명장제12동_01,187,13,0.666,0.0114,0.3034,0.0192,0.0,0.705,0.0,0.407,1,
20260823_명장제13동_01,186,7,0.5922,0.0042,0.3944,0.0092,0.0042,0.6268,0.0052,0.4876,1,
20260823_명장제14동_01,185,129,0.6835,0.0193,0.209,0.0882,0.0441,0.7235,0.0539,0.2821,1,
20260823_명장제15동_01,184,72,0.6635,0.1599,0.1678,0.0089,0.1052,0.7023,0.1277,0.2294,1,
20260823_명장제16동_01,182,23,0.7523,0.0366,0.1952,0.0159,0.0429,0.7964,0.0536,0.2536,0,
20260823_명장제17동_01,179,10,0.7665,0.1464,0.0749,0.0123,0.129,0.8113,0.1576,0.1405,0,
20260823_명장제18동_01,177,37,0.8181,0.1104,0.0519,0.0196,0.1409,0.866,0.1729,0.0846,1,
20260823_명장제2동_01,199,6,0.7581,0.0024,0.2051,0.0344,0.0002,0.8025,0.0003,0.2921,1,
20260823_명장제3동_01,198,74,0.3071,0.3026,0.2603,0.13,0.1192,0.3251,0.1466,0.3607,0,
20260823_명장제4동_01,197,22,0.408,0.3106,0.2699,0.0115,0.1698,0.4319,0.2074,0.3118,0,
20260823_명장제5동_01,196,11,0.2467,0.1526,0.4793,0.1215,0.1948,0.2611,0.2379,0.5737,0,
20260823_명장제6동_01,195,54,0.6033,0.0154,0.3507,0.0306,0.0071,0.6386,0.0084,0.4358,0,
20260823_명장제7동_01,192,21,0.4534,0.0653,0.3569,0.1244,0.0255,0.4799,0.0311,0.49,1,
20260823_명장제8동_01,191,20,0.5681,0.0036,0.4131,0.0152,0.0,0.6013,0.0,0.523,1,
20260823_명장제9동_01,190,1,0.6673,0.0072,0.3039,0.0215,0.0135,0.7064,0.0165,0.3698,1,
20260825_용호제1동_01,219,136,0.5568,0.0099,0.4147,0.0186,0.0005,0.5894,0.0007,0.5086,1,
20260825_용호제1동_02,218,148,0.7453,0.0001,0.2379,0.0166,0.0017,0.7889,0.002,0.3622,1,
20260825_용호제1동_03,215,118,0.6485,0.0,0.19,0.1615,0.0,0.6864,0.0,0.3186,1,
20260825_용호제1동_04,214,108,0.5255,0.0,0.4717,0.0028,0.0,0.5563,0.0,0.5941,1,
20260825_용호제1동_05,213,121,0.6791,0.0,0.2998,0.0211,0.0,0.7189,0.0,0.4265,1,
20260825_용호제1동_06,212,168,0.7072,0.0,0.2671,0.0257,0.0003,0.7486,0.0004,0.3742,1,
20260825_용호제1동_07,211,4,0.7258,0.0067,0.2563,0.0112,0.0004,0.7682,0.0005,0.3869,1,
20260825_용호제1동_08,209,73,0.5642,0.0018,0.4031,0.0308,0.0039,0.5972,0.0048,0.5295,1,
20260825_용호제1동_09,208,131,0.6996,0.0838,0.2075,0.009,0.0441,0.7406,0.0541,0.3176,1,
20260825_용호제1동_10,207,66,0.5618,0.0267,0.4016,0.0098,0.016,0.5947,0.0199,0.5235,1,
20260825_용호제1동_11,206,62,0.5387,0.0647,0.3799,0.0167,0.0489,0.5703,0.0596,0.462,1,
20260825_용호제1동_12,205,68,0.4639,0.0,0.4232,0.1129,0.0,0.491,0.0,0.5481,1,
20260825_용호제1동_13,203,76,0.3611,0.0,0.6276,0.0113,0.0,0.3822,0.0,0.7396,1,
20260825_용호제1동_14,201,25,0.4824,0.0026,0.5115,0.0035,0.0044,0.5106,0.0054,0.6173,1,
20260825_용호제1동_15,200,113,0.7104,0.0,0.2777,0.0119,0.0002,0.752,0.0001,0.3949,0,
20260826_보수동_01,238,19,0.4749,0.0003,0.5169,0.0079,0.0061,0.5027,0.0076,0.6107,0,
20260826_보수동_02,237,55,0.5019,0.0021,0.4418,0.0543,0.0009,0.5312,0.001,0.531,0,
20260826_보수동_03,236,52,0.591,0.0009,0.341,0.0671,0.0013,0.6256,0.0016,0.4291,0,
20260826_보수동_04,235,64,0.4419,0.0858,0.4563,0.016,0.0451,0.4678,0.0551,0.5508,0,
20260826_보수동_05,234,70,0.3781,0.0177,0.5677,0.0366,0.0046,0.4002,0.0058,0.6921,1,
20260826_보수동_06,233,131,0.4761,0.0,0.4937,0.0302,0.0,0.5039,0.0,0.5679,1,
20260826_보수동_07,232,90,0.4834,0.0517,0.4392,0.0257,0.0482,0.5117,0.0588,0.4854,1,
20260826_보수동_08,230,122,0.6092,0.1617,0.209,0.02,0.1104,0.6449,0.1361,0.2511,1,
20260826_보수동_09,229,36,0.4256,0.376,0.185,0.0134,0.2296,0.4505,0.2811,0.2515,1,
20260826_보수동_10,228,56,0.4709,0.0945,0.4117,0.0229,0.0556,0.4984,0.0677,0.4764,1,
20260826_보수동_11,226,100,0.5208,0.0144,0.4613,0.0035,0.0023,0.5513,0.0028,0.584,1,
20260826_보수동_12,225,110,0.638,0.003,0.3581,0.0009,0.0007,0.6753,0.0009,0.4819,1,
20260826_보수동_13,223,44,0.4809,0.0034,0.4759,0.0398,0.0007,0.509,0.0011,0.5249,1,
20260826_보수동_14,222,114,0.8293,0.0484,0.1121,0.0101,0.0244,0.8779,0.0298,0.2006,1,
20260826_보수동_15,221,81,0.8511,0.0347,0.0352,0.079,0.1091,0.9009,0.1335,0.0407,1,
20260826_보수동_16,220,53,0.6377,0.0114,0.2501,0.1008,0.0179,0.675,0.022,0.3125,1,
20260826_부암제1동_01,258,40,0.3499,0.0,0.6108,0.0393,0.0,0.3703,0.0,0.7007,0,
20260826_부암제1동_02,256,81,0.6623,0.0871,0.2461,0.0044,0.0527,0.7011,0.0636,0.337,1,
20260826_부암제1동_03,255,66,0.5393,0.0106,0.3669,0.0831,0.0338,0.5709,0.0409,0.439,0,
20260826_부암제1동_04,254,78,0.8104,0.0236,0.1123,0.0537,0.0259,0.8578,0.0317,0.2086,1,
20260826_부암제1동_05,253,63,0.5472,0.0095,0.3771,0.0663,0.0062,0.5792,0.0075,0.516,0,
20260826_부암제1동_06,252,81,0.6802,0.0013,0.3088,0.0097,0.0,0.72,0.0001,0.4427,1,
20260826_부암제1동_07,251,99,0.4742,0.0,0.4761,0.0497,0.0,0.5019,0.0,0.5722,1,
20260826_부암제1동_09,249,37,0.5714,0.0517,0.3254,0.0515,0.0201,0.6048,0.0248,0.4072,1,
20260826_부암제1동_10,246,61,0.6988,0.0232,0.2216,0.0563,0.0152,0.7397,0.0185,0.3203,1,
20260826_부암제1동_11,245,70,0.5115,0.0005,0.4633,0.0248,0.0002,0.5414,0.0002,0.5402,1,
20260826_부암제1동_12,244,34,0.6082,0.0013,0.378,0.0124,0.0194,0.6438,0.0238,0.5092,1,
20260826_부암제1동_13,243,52,0.5921,0.0026,0.3635,0.0418,0.0,0.6267,0.0,0.4359,1,
20260826_부암제1동_14,242,55,0.7615,0.0043,0.1239,0.1103,0.0293,0.8061,0.0356,0.2545,1,
20260826_부암제1동_15,241,32,0.8339,0.0098,0.1267,0.0297,0.0074,0.8826,0.0092,0.2435,1,
20260826_부암제1동_16,239,43,0.7508,0.0137,0.2261,0.0094,0.014,0.7947,0.0171,0.3144,1,
