동,지번,단지,세대,btli_env_w_m2,202401,202402,202403,202404,202405,202406,202407,202408,202409,202410,202411,202412,202501,202502,202503,202504,202505,202506,202507,202508,202509,202510,202511,202512,202601,202602,202603,202604,202605
연산동,0030-0001,대우아파트,303,2.86,2735,2837,2556,2831,2772,3028,2952,3914,3632,2867,2880,2768,2792,2872,2506,2774,2830,2902,2935,3023,3148,3173,2818,2692,2757,2883,2500,2794,223803
좌동,0970-0000,해운대좌동롯데캐슬마스터1,200,3.47,107109,106270,96880,99796,95428,101128,113338,156319,164431,127164,101443,97150,108770,109865,95526,101079,96299,101650,118194,155074,164726,119007,101345,97764,107014,108884,94231,100968,1554608
명장동,0022-0001,명장경동아파트,335,3.93,89419,90663,80747,80097,70723,70840,80862,114494,108684,86608,72560,76293,87925,89845,77331,77468,70248,71292,89888,107148,113459,77219,73543,76782,85124,87798,75225,77034,503964
용호동,0176-0030,엘지메트로시티,7374,3.6,2662113,2635039,2401016,2429603,2328834,2550632,3052581,4438403,3769054,2446562,2441141,2522223,2700307,2708025,2339026,2451661,2339288,2539098,3350901,4145658,3477561,2465415,2392202,2449618,3132032,3074665,2743480,2897579,44670240
화명동,0188-0000,벽산강변타운,1044,1.69,362553,361040,322225,320053,297048,322138,386746,544172,449850,297508,317829,336970,360212,364267,305564,319256,302748,323297,433546,511495,420123,315960,329287,340480,369910,364702,308281,321026,2720880
사직동,0093-0008,사직자이,249,3.22,153151,153342,141653,149655,140386,144911,158570,226188,268925,201839,146819,142080,154470,156945,141676,149647,139532,146234,164524,238430,263340,187662,151630,144525,161299,162579,141911,150856,1292103
대연동,0054-0005,리마크빌 대연,260,2.36,274188,244482,258801,241984,265497,314531,382283,434047,374421,288496,253135,268907,247335,231720,232633,221067,243142,297567,358317,405577,355112,265298,227826,245469,261910,224937,237225,220459,6287475
다대동,0037-0000,다대코오롱맨션,520,5.03,140429,138914,123326,123477,115213,125243,147586,226562,202046,120670,121983,128611,134017,135537,112575,117690,111358,119439,158504,200485,173058,119076,117234,120495,131674,128701,109873,114458,426444
연산동,0129-0000,센텀수영강푸르지오아파트,430,4.28,172483,172193,158454,162978,152804,153814,161494,225607,261647,207481,158049,156582,170653,174033,155235,164381,153079,158065,169077,227359,250725,189926,163223,159718,173572,178618,157336,166344,12655440
좌동,1276-0000,해운대주공아파트,420,4.17,103791,103054,96717,99711,94377,95297,98938,137875,149452,123307,97105,95707,104145,105841,93471,99101,94772,96421,104093,138127,148107,110247,99780,97570,104977,106902,95783,101592,1532400
명장동,0024-0001,조양아파트,380,5.25,101078,103838,92342,91468,79001,78391,89085,130462,138964,108311,80082,82684,98490,105460,94003,91084,79323,78674,95614,129520,138253,93413,79153,82509,96943,104003,87952,88751,307948
용호동,0179-0004,일신프리빌리지,518,3.55,200091,197636,177176,175927,162071,170456,192030,286215,267141,179841,168237,179100,202595,203761,175307,177643,164449,170510,211473,266282,261561,175294,171837,180592,201835,205458,171208,175704,2595040
화명동,0196-0000,경남아너스빌,570,3.8,216382,215857,193584,195789,181405,194675,233444,319560,265695,183416,193150,202224,212965,213679,180455,189189,179668,189672,254159,301525,251652,192376,200925,205846,219848,221059,187254,197196,1663749
사직동,0590-0003,사직2차 삼정그린코아 아파트,560,3.75,259832,260660,240993,250088,236104,240170,249105,324169,371579,297482,242646,239870,262417,266065,240413,255646,244429,253241,258719,343014,373446,282618,252768,246898,266724,270974,243164,258934,2168289
대연동,0074-0002,대연동동일스위트,379,2.72,112630,100800,107201,97229,104818,137758,183924,228355,180886,111312,99331,121068,122119,113494,111413,98518,104717,139284,198418,213113,163404,115207,98726,110858,123430,102182,104018,95242,2845975
다대동,0080-0014,다대다해아파트,388,4.79,88703,88121,77626,77689,70775,70554,79526,118782,122731,87437,71700,76194,86720,88539,77186,78834,71810,72847,91672,118999,121093,81020,71782,76654,85044,86167,71364,73258,271500
연산동,0137-0000,경남아파트,297,2.44,89172,87832,78539,80268,74436,80486,93947,142233,116854,75626,79261,83307,89388,91267,76819,79428,75296,79676,108531,134637,109965,78187,80401,83260,88472,88540,75640,79687,6062931
좌동,1278-0000,해운대그린포레,928,4.33,254092,257229,238398,244480,231527,233766,243791,327743,352355,288521,240869,237308,256328,261479,233343,247450,236402,241021,252949,328967,353342,263921,239328,235729,256079,259292,229832,242830,3688112
명장동,0026-0024,국제파크아파트,255,2.29,94330,93342,82888,85595,80653,82223,90710,126730,116759,83198,80288,81359,89064,90506,79315,80770,74953,77131,97169,116690,114912,79360,79209,81176,88443,90544,79657,83592,307316
용호동,0179-0009,용호동 일신 님(林)Ⅱ,670,4.32,276336,275233,248780,256675,242467,261860,314518,445085,385883,254332,260186,266197,285337,286754,246131,260706,249021,268797,337034,423900,362077,265429,260509,264349,282550,281520,241657,257685,3922608
화명동,0206-0000,도시화명그린아파트,400,2.52,92296,91325,82113,82614,76042,79982,92507,127016,106173,75081,80586,84866,90683,90928,77227,81057,75886,78537,100177,118871,98883,75585,80332,83262,88946,87649,76244,78608,671490
사직동,0597-0000,한신아파트,710,4.05,256641,257592,230567,230847,213255,215521,245400,350590,319550,240740,223180,226862,249904,252424,217474,226413,211354,219254,272972,326538,327667,225601,222272,233793,252321,254849,218936,224885,1871208
대연동,0093-0003,부산대연동푸르지오,679,3.79,246028,241565,223550,229435,220178,243793,288665,393031,343553,233777,229342,238909,249396,248405,218159,229097,220434,243387,317286,369351,325813,241438,230235,236328,255379,246181,213248,222280,5314525
다대동,0094-0000,삼환2차아파트,268,4.18,98302,98807,88650,90142,83194,84597,97072,142895,140839,90062,88011,90729,98759,100527,88878,91385,85682,87231,103371,131437,125324,89874,87109,88777,96351,97058,86024,89859,331452
연산동,0243-0018,연산엘지아파트,2302,3.96,881643,877525,787343,802921,750239,813420,952553,1375617,1144102,769947,801883,830029,890740,902003,767429,804703,756557,815047,1065483,1306253,1100533,807399,817643,836829,906706,902856,768535,805252,61697214
좌동,1282-0000,해운대 센트럴파크아파트,799,4.06,218070,222434,206705,211197,198436,201319,211877,289682,305418,249262,204186,199699,216744,224881,198602,210385,197512,201840,215853,276455,296541,230574,207496,204040,221023,223902,197484,210725,3155056
명장동,0063-0009,삼성타운,471,3.46,269598,266419,240141,239961,225618,245425,282615,374076,352005,248717,235361,239908,253832,245586,208069,209376,199594,220370,300889,367262,366017,264973,240146,211162,225710,226783,235101,244594,907940
용호동,0181-0001,현대비치아파트,648,2.14,204871,193597,194301,181101,179511,186816,247349,304601,247483,183982,181023,199780,209334,189204,197137,183000,183416,188680,258279,293212,223568,189830,185027,200724,208352,190168,195587,181725,2946592
화명동,0295-0000,도시화명그린아파트,720,2.09,169400,167285,150273,151282,142073,154842,184864,245755,208919,142282,148757,154906,164469,166682,141265,148148,141092,153037,200653,232728,198556,149405,152757,158534,170117,168157,145017,150941,1281573
사직동,0632-0094,유원아파트,236,3.82,87214,87499,82127,82749,74735,74697,75560,101855,120096,96181,76259,76210,85590,88548,78976,82352,75109,73551,75233,103987,113815,81790,75323,74037,82622,86749,77294,80617,649134
대연동,0242-0001,대우그린2차아파트,239,2.78,72089,73636,68414,69857,65192,64973,73323,104711,101247,83096,66901,67217,74606,75052,66253,68595,62971,64852,77975,98644,103894,71481,66121,66205,71553,73868,66245,69128,1594750
다대동,0094-0002,국제그린아파트,996,3.03,221965,221181,198952,201787,188027,201169,238161,343620,307566,195906,198546,214589,224129,228324,193141,202845,191021,203159,254030,315287,267787,198881,198436,205333,222937,222732,190953,202070,762324
연산동,0304-0001,경동아파트,318,2.4,99113,100516,88300,88142,81354,84651,96254,146487,133308,87458,84912,87890,96629,99693,87584,89879,85416,88079,111091,138905,132556,90700,89536,93415,101532,104156,88154,92477,6864750
좌동,1302-0000,동신아파트,676,1.76,239960,241682,226466,234035,224492,228380,238013,309399,355833,278017,227554,221872,234837,239082,213591,230600,218697,224038,231534,309829,346975,254672,234617,227813,241077,241807,221353,236894,3604240
명장동,0290-0002,명장삼보맨션,348,4.77,45065,45060,41380,41772,38018,37309,41165,58303,60707,47935,37955,38595,43771,44132,39176,40423,36748,36851,42676,57476,61699,42278,38141,38750,43000,44026,38575,39608,146884
용호동,0197-0000,GS하이츠자이,1149,3.99,889231,855210,800055,821485,821635,938610,1145915,1526223,1301083,874162,824694,825125,874684,861292,770232,804775,800555,890856,1159673,1387689,1192891,869419,808926,821640,882060,845917,771891,815619,13041072
화명동,0310-0000,코오롱아파트,450,2.18,169156,168647,149831,152318,143077,153897,185573,251333,209535,146817,155694,164452,175002,174918,147490,154174,146954,157387,202475,239083,194301,152773,158691,162323,173960,173246,148296,154576,1312830
사직동,0981-0100,삼정그린코아,874,4.11,338127,340127,305621,311325,290979,298391,336705,461859,421863,320995,170299,300996,337513,348655,309070,317611,291111,298509,315536,422002,460289,336737,303928,308714,338636,350941,307743,322910,2635947
대연동,0243-0023,대연청구아파트,604,4.4,233296,233902,208321,215509,202780,216803,257652,349916,297525,207043,212145,216662,232583,235966,202851,215366,205433,219729,269214,322872,278349,213954,214800,218378,235176,235859,207249,218824,5169175
다대동,0094-0005,다송아파트,500,4.93,99494,97046,87923,87456,80987,85850,98984,137999,127321,82786,84767,90070,98546,100035,85192,87818,82796,86311,105562,129878,114861,86950,88380,92002,100836,98196,82634,85663,320904
