측정ID,LCZ,동,지점명,시각,위도,경도,볕그늘,폭등급,가로폭_m,노면온도_열화상,포장재질,비고
20260826_부암제1동_01,LCZ 1,부암제1동,부암제1동,2026-08-26 15:06:00,35.1629,129.0467,그늘,보행골목(<6m),2.4,45.81,,
20260826_부암제1동_02,LCZ 1,부암제1동,부암제1동,2026-08-26 15:03:00,35.1628,129.0462,볕,개방,,55.41,,
20260826_부암제1동_03,LCZ 1,부암제1동,부암제1동,2026-08-26 15:00:00,35.1629,129.0453,그늘,큰길(12m+),48.2,53.36,,
20260826_부암제1동_04,LCZ 1,부암제1동,부암제1동,2026-08-26 14:57:00,35.1633,129.0448,볕,혼합골목(6-12m),9.2,60.1,,
20260826_부암제1동_05,LCZ 1,부암제1동,부암제1동,2026-08-26 14:53:00,35.1638,129.0441,그늘,혼합골목(6-12m),9.8,57.25,,
20260826_부암제1동_06,LCZ 1,부암제1동,부암제1동,2026-08-26 14:50:00,35.1631,129.0444,볕,혼합골목(6-12m),8.1,60.01,,
20260826_부암제1동_07,LCZ 1,부암제1동,부암제1동,2026-08-26 14:47:00,35.1631,129.045,볕,보행골목(<6m),4.3,62.08,,
20260826_부암제1동_09,LCZ 1,부암제1동,부암제1동,2026-08-26 14:32:00,35.1647,129.046,볕,큰길(12m+),66.1,58.34,,
20260826_부암제1동_10,LCZ 1,부암제1동,부암제1동,2026-08-26 14:27:00,35.1641,129.0459,볕,큰길(12m+),14.5,61.39,,
20260826_부암제1동_11,LCZ 1,부암제1동,부암제1동,2026-08-26 14:25:00,35.1637,129.0455,볕,혼합골목(6-12m),11.7,56.66,,
20260826_부암제1동_12,LCZ 1,부암제1동,부암제1동,2026-08-26 14:22:00,35.1632,129.0452,볕,혼합골목(6-12m),6.5,55.51,,
20260826_부암제1동_13,LCZ 1,부암제1동,부암제1동,2026-08-26 14:20:00,35.1632,129.0458,볕,혼합골목(6-12m),10.8,61.01,,
20260826_부암제1동_14,LCZ 1,부암제1동,부암제1동,2026-08-26 14:17:00,35.1632,129.0464,볕,혼합골목(6-12m),7.1,60.2,,
20260826_부암제1동_15,LCZ 1,부암제1동,부암제1동,2026-08-26 14:13:00,35.1632,129.0472,볕,큰길(12m+),13.1,66.44,,
20260826_부암제1동_16,LCZ 1,부암제1동,부암제1동,2026-08-26 14:10:00,35.1626,129.0475,볕,개방,,64.07,,
20260826_보수동_01,LCZ 2,보수동,보수동,2026-08-26 13:12:00,35.1054,129.0289,그늘,큰길(12m+),14.3,47.31,,
20260826_보수동_02,LCZ 2,보수동,보수동,2026-08-26 13:09:00,35.106,129.03,그늘,혼합골목(6-12m),6.7,45.47,,
20260826_보수동_03,LCZ 2,보수동,보수동,2026-08-26 13:04:00,35.1068,129.0311,그늘,큰길(12m+),20.0,53.26,,
20260826_보수동_04,LCZ 2,보수동,보수동,2026-08-26 13:01:00,35.1065,129.0312,그늘,큰길(12m+),16.0,53.14,,
20260826_보수동_05,LCZ 2,보수동,보수동,2026-08-26 12:57:00,35.106,129.0309,볕,혼합골목(6-12m),10.1,50.16,,
20260826_보수동_06,LCZ 2,보수동,보수동,2026-08-26 12:54:00,35.1055,129.0305,볕,혼합골목(6-12m),11.8,51.14,,
20260826_보수동_07,LCZ 2,보수동,보수동,2026-08-26 12:49:00,35.105,129.0307,볕,큰길(12m+),29.4,55.0,,
20260826_보수동_08,LCZ 2,보수동,보수동,2026-08-26 12:44:00,35.1042,129.0293,볕,큰길(12m+),45.5,50.68,,
20260826_보수동_09,LCZ 2,보수동,보수동,2026-08-26 12:40:00,35.1047,129.029,볕,큰길(12m+),37.0,56.02,,
20260826_보수동_10,LCZ 2,보수동,보수동,2026-08-26 12:35:00,35.1046,129.0281,볕,큰길(12m+),17.1,53.12,,
20260826_보수동_11,LCZ 2,보수동,보수동,2026-08-26 12:28:00,35.1042,129.0273,볕,혼합골목(6-12m),8.7,53.17,,
20260826_보수동_12,LCZ 2,보수동,보수동,2026-08-26 12:24:00,35.1051,129.0274,볕,혼합골목(6-12m),11.3,55.56,,
20260826_보수동_13,LCZ 2,보수동,보수동,2026-08-26 12:19:00,35.1054,129.0289,볕,큰길(12m+),14.3,54.94,,
20260826_보수동_14,LCZ 2,보수동,보수동,2026-08-26 12:16:00,35.1058,129.0287,볕,큰길(12m+),18.4,54.55,,
20260826_보수동_15,LCZ 2,보수동,보수동,2026-08-26 12:09:00,35.1065,129.0294,볕,혼합골목(6-12m),8.2,54.58,,
20260826_보수동_16,LCZ 2,보수동,보수동,2026-08-26 12:05:00,35.1074,129.0299,볕,큰길(12m+),24.2,61.1,,
20260820_서제2동_02,LCZ 3,서제2동,서제2동,2026-08-20 12:40:00,35.21328,129.10115,볕,큰길(12m+),13.0,49.25,,
20260820_서제2동_03,LCZ 3,서제2동,서제2동,2026-08-20 12:46:00,35.21368,129.10199,볕,혼합골목(6-12m),9.8,53.15,,
20260820_서제2동_04,LCZ 3,서제2동,서제2동,2026-08-20 12:50:00,35.21405,129.10217,볕,큰길(12m+),13.0,50.89,,
20260820_서제2동_05,LCZ 3,서제2동,서제2동,2026-08-20 12:55:00,35.21453,129.10304,볕,혼합골목(6-12m),11.0,51.02,,
20260820_서제2동_06,LCZ 3,서제2동,서제2동,2026-08-20 13:00:00,35.21478,129.10243,그늘,보행골목(<6m),2.7,40.42,,
20260820_서제2동_07,LCZ 3,서제2동,서제2동,2026-08-20 13:04:00,35.2151,129.10244,그늘,큰길(12m+),19.2,51.33,,
20260820_서제2동_08,LCZ 3,서제2동,서제2동,2026-08-20 13:08:00,35.2155,129.10159,그늘,보행골목(<6m),3.2,51.51,,
20260820_서제2동_09,LCZ 3,서제2동,서제2동,2026-08-20 13:12:00,35.21568,129.10013,볕,보행골목(<6m),2.2,58.32,,
20260820_서제2동_10,LCZ 3,서제2동,서제2동,2026-08-20 13:16:00,35.21589,129.1002,볕,큰길(12m+),28.8,53.51,,
20260820_서제2동_11,LCZ 3,서제2동,서제2동,2026-08-20 13:19:00,35.21638,129.09897,볕,큰길(12m+),29.2,54.58,,
20260820_서제2동_12,LCZ 3,서제2동,서제2동,2026-08-20 13:23:00,35.21606,129.09883,볕,보행골목(<6m),2.4,37.11,,
20260820_서제2동_13,LCZ 3,서제2동,서제2동,2026-08-20 13:26:00,35.2159,129.09886,볕,혼합골목(6-12m),7.2,46.86,,
20260820_서제2동_14,LCZ 3,서제2동,서제2동,2026-08-20 13:30:00,35.21562,129.0986,그늘,보행골목(<6m),4.8,35.3,,
20260820_서제2동_15,LCZ 3,서제2동,서제2동,2026-08-20 13:33:00,35.21545,129.09849,그늘,혼합골목(6-12m),7.3,47.95,,
20260820_서제2동_16,LCZ 3,서제2동,서제2동,2026-08-20 13:36:00,35.21559,129.09735,그늘,보행골목(<6m),4.6,50.99,,
20260820_서제2동_17,LCZ 3,서제2동,서제2동,2026-08-20 13:39:00,35.21582,129.09658,그늘,혼합골목(6-12m),7.2,52.98,,
20260820_서제2동_18,LCZ 3,서제2동,서제2동,2026-08-20 13:42:00,35.21608,129.0957,볕,큰길(12m+),16.3,57.95,,
20260825_용호제1동_01,LCZ 4,용호제1동,용호제1동,2026-08-25 12:56:00,35.1247,129.1107,볕,혼합골목(6-12m),11.0,57.81,,
20260825_용호제1동_02,LCZ 4,용호제1동,용호제1동,2026-08-25 12:51:00,35.1242,129.11,볕,큰길(12m+),18.3,57.04,,
20260825_용호제1동_03,LCZ 4,용호제1동,용호제1동,2026-08-25 12:46:00,35.1232,129.109,볕,혼합골목(6-12m),11.4,57.78,,
20260825_용호제1동_04,LCZ 4,용호제1동,용호제1동,2026-08-25 12:43:00,35.1239,129.1091,볕,혼합골목(6-12m),6.5,51.55,,
20260825_용호제1동_05,LCZ 4,용호제1동,용호제1동,2026-08-25 12:41:00,35.1243,129.1092,볕,큰길(12m+),14.7,56.72,,
20260825_용호제1동_06,LCZ 4,용호제1동,용호제1동,2026-08-25 12:36:00,35.1233,129.1098,볕,큰길(12m+),12.5,54.35,,
20260825_용호제1동_07,LCZ 4,용호제1동,용호제1동,2026-08-25 12:34:00,35.1229,129.1097,볕,큰길(12m+),29.1,51.18,,
20260825_용호제1동_08,LCZ 4,용호제1동,용호제1동,2026-08-25 12:30:00,35.1229,129.1101,볕,혼합골목(6-12m),8.2,52.67,,
20260825_용호제1동_09,LCZ 4,용호제1동,용호제1동,2026-08-25 12:27:00,35.1229,129.1103,볕,큰길(12m+),15.2,54.99,,
20260825_용호제1동_10,LCZ 4,용호제1동,용호제1동,2026-08-25 12:24:00,35.1228,129.1107,볕,혼합골목(6-12m),7.6,49.21,,
20260825_용호제1동_11,LCZ 4,용호제1동,용호제1동,2026-08-25 12:18:00,35.1229,129.1114,볕,혼합골목(6-12m),8.1,49.6,,
20260825_용호제1동_12,LCZ 4,용호제1동,용호제1동,2026-08-25 12:16:00,35.1228,129.1117,볕,혼합골목(6-12m),6.9,49.34,,
20260825_용호제1동_13,LCZ 4,용호제1동,용호제1동,2026-08-25 12:12:00,35.1228,129.1122,볕,혼합골목(6-12m),6.5,52.75,,
20260825_용호제1동_14,LCZ 4,용호제1동,용호제1동,2026-08-25 12:09:00,35.123,129.1116,볕,큰길(12m+),17.6,54.88,,
20260825_용호제1동_15,LCZ 4,용호제1동,용호제1동,2026-08-25 12:06:00,35.1236,129.1112,볕,큰길(12m+),12.5,55.9,,
20260823_명장제10동_01,LCZ 5,명장동,명장제10동,2026-08-23 11:53:00,35.2158,129.0861,볕,혼합골목(6-12m),7.8,51.25,,
20260823_명장제11동_01,LCZ 5,명장동,명장제11동,2026-08-23 11:50:00,35.2156,129.0868,볕,큰길(12m+),23.5,53.02,,
20260823_명장제12동_01,LCZ 5,명장동,명장제12동,2026-08-23 11:47:00,35.2152,129.0874,볕,큰길(12m+),15.0,54.71,,
20260823_명장제13동_01,LCZ 5,명장동,명장제13동,2026-08-23 11:43:00,35.2149,129.0882,볕,큰길(12m+),13.9,52.39,,
20260823_명장제14동_01,LCZ 5,명장동,명장제14동,2026-08-23 11:40:00,35.2145,129.0899,볕,개방,,54.83,,
20260823_명장제15동_01,LCZ 5,명장동,명장제15동,2026-08-23 11:34:00,35.2139,129.0899,볕,개방,,53.63,,
20260823_명장제16동_01,LCZ 5,명장동,명장제16동,2026-08-23 11:29:00,35.2136,129.0905,볕,큰길(12m+),41.6,52.31,,
20260823_명장제17동_01,LCZ 5,명장동,명장제17동,2026-08-23 11:22:00,35.2125,129.0902,볕,개방,,55.91,,
20260823_명장제18동_01,LCZ 5,명장동,명장제18동,2026-08-23 11:19:00,35.2123,129.0897,볕,개방,,53.48,,
20260823_명장제2동_01,LCZ 5,명장동,명장제2동,2026-08-23 12:27:00,35.2111,129.0833,볕,큰길(12m+),33.2,50.78,,
20260823_명장제3동_01,LCZ 5,명장동,명장제3동,2026-08-23 12:17:00,35.214,129.0854,그늘,개방,,38.77,,
20260823_명장제4동_01,LCZ 5,명장동,명장제4동,2026-08-23 12:14:00,35.2147,129.0854,그늘,큰길(12m+),21.0,44.57,,
20260823_명장제5동_01,LCZ 5,명장동,명장제5동,2026-08-23 12:11:00,35.215,129.0858,그늘,큰길(12m+),18.4,45.52,,
20260823_명장제6동_01,LCZ 5,명장동,명장제6동,2026-08-23 12:07:00,35.2153,129.0854,그늘,혼합골목(6-12m),10.7,45.21,,
20260823_명장제7동_01,LCZ 5,명장동,명장제7동,2026-08-23 12:04:00,35.2157,129.0844,그늘,큰길(12m+),16.9,44.81,,
20260823_명장제8동_01,LCZ 5,명장동,명장제8동,2026-08-23 12:00:00,35.2161,129.0857,볕,큰길(12m+),15.6,48.33,,
20260823_명장제9동_01,LCZ 5,명장동,명장제9동,2026-08-23 11:56:00,35.2162,129.0861,볕,큰길(12m+),33.1,57.96,,
