# 부산대학교 건물 대장 (2026-09-16, 대학 제공). 열: 코드 이름 구내외 구조 지하 지상 준공 건축면적 연면적
# 엔진 높이 = 지상층수 x 3.018 + 0.902 (geo._height_m_from_props 와 같은 식)
# 건축면적(m2)은 폴리곤 면적과 맞춰 OSM 건물에 붙이는 열쇠로 쓴다.
101	MEMS/NANO 클린룸동	구내	RC	0	3	2006	794	2004
102	제1부속공장	구내	RC	0	2	1976	1766	1825
103	제12공학관	구내	RC	0	3	2007	768	2227
105	제3공학관(융합기계관)	구내	RC	0	5	1996	1656	6629
106	효원문화회관	구내	SRC	4	7	2009	6860	58634
107	제8공학관(항공관)	구내	RC	0	4	1983	993	3986
107-1	항공우주공학관 실험동	구내	ST	0	2	2006	57	86
108	제9공학관(기전관)	구내	RC	1	5	1993	925	4810
109	공과대학 공동실험관	구내	ST	0	1	2009	435	421
110	에너지분야 실험실	구내	ST	0	2	1997	372	522
111	실험폐기물처리장	구내	RC	1	2	1995	375	797
201	제6공학관(컴퓨터공학관)	구내	RC	1	5	1982	1825	8382
202	운죽정	구내	SRC	0	2	2002	180	245
204	넉넉한터지하주차장	구내	RC	1	1	2009	123	8446
205	대학본부	구내	RC	1	10	1995	1564	8618
206	제11공학관(조선해양공학관)	구내	RC	1	6	1997	1343	8206
207	제10공학관(특성화공학관)	구내	RC	1	7	1994	1580	12165
208	기계기술연구동	구내	RC	1	4	1988	1324	4930
209	상남국제회관	구내	RC	1	8	1998	1338	7015
210	언어교육원	구내	RC	1	8	1998	889	5329
211	보육종합센터	구내	RC	1	5	1997	969	3606
301	구조실험동	구내	ST	1	3	1997	405	947
302	토조실험동	구내	RC	0	2	1989	186	242
303	기계관	구내	RC	1	11	2017	4452	22998
306	인문관	구내	RC	1	4	1959	2310	11192
307	인문대교수연구동	구내	RC	1	6	2007	1459	7070
308	제1물리관	구내	RC	1	5	1973	899	4642
309	제2물리관	구내	RC	0	5	1971	583	2915
310	문창회관	구내	RC	1	4	1978	1314	5585
311	공동연구기기동	구내	RC	1	6	1996	1009	6798
312	공동실험실습관	구내	SRC	2	8	1999	1035	8312
313	자연대 연구실험동	구내	RC	1	5	1994	1606	8208
314	정보화교육관	구내	RC	1	4	1993	740	3384
315	자유관	구내	RC	2	11	2018	3756	25863
317	부산대 직장어린이집	구내	RC	1	2	2017	553	983
401	건설관	구내	RC	0	10	2010	3496	18468
402	정학관	구내	RC	0	2	1968	123	255
403	10.16기념관	구내	RC	0	2	2005	908	1187
405	제2공학관(재료관)	구내	RC	1	5	1982	2402	11331
406	제7공학관(화공관)	구내	RC	0	4	1980	1833	7332
406-1	제7공학관 부속연구동	구내	RC	0	3	1983	147	432
407	선박예인수조연구동	구내	SRC	1	2	2002	1629	2686
408	제5공학관(유기소재관)	구내	RC	1	3	1976	960	2970
409	교수회관	구내	RC	1	3	1989	474	1450
410	선박충격피로도장시험연구동	구내	ST	1	2	2006	315	693
410-1	유체충격 시험연구동	구내	ST	0	1	2005	63	63
411	자연과학관	구내	RC	0	4	1970	609	2436
412	박물관A	구내	석조	0	2	1956	1007	1711
413	박물관B	구내	석조	0	2	1956	366	538
414	지구관	구내	RC	1	3	1976	918	3264
415	샛벌회관	구내	RC	1	2	1983	417	867
416	생물관	구내	RC	1	5	1980	1710	8201
416-1	생물관 편의실(커피점)	구내	ST	0	1	2006	64	64
417	제1사범관	구내	RC	0	5	1978	713	3389
418	제2교수연구동	구내	RC	0	4	1977	1001	3580
419	금정회관	구내	RC	1	2	1982	640	1353
420	새벽벌도서관	구내	RC	1	4	1979	2528	10198
420-1	새벽벌도서관 편의실(커피점)	구내	ST	0	1	2006	40	40
421	사회관	구내	RC	0	5	1979	1610	8050
422	성학관	구내	SRC	1	8	2005	1555	6555
501	첨단과학관	구내	RC	0	10	2023	1385	10528
503	약학관 약학연구동	구내	RC	1	10	2020	868	7859
503b	약학관 약학교육동	구내	RC	1	4	2020	891	2872
506	효원산학협동관	구내	SRC	1	6	2010	956	5503
507	인덕관	구내	RC	0	1	1991	570	570
508	산학협동관	구내	RC	1	10	1999	1037	9854
509	박물관 별관	구내	석조	0	2	1956	366	594
510	중앙도서관(제1도서관)	구내	RC	1	4	1993	1531	6637
511	간이체육관	구내	ST	0	1	2007	580	566
512-1	테니스관리동	구내	RC	0	2	1978	130	242
514	경영관	구내	RC	0	4	1981	2313	9136
515	중앙도서관 및 정보화 본부	구내	RC	0	5	2011	2233	7906
516	국제관(경제통상관)	구내	RC	1	9	2013	1085	9471
601	예술관	구내	RC	1	5	1984	2123	5140
602	생활환경관	구내	RC	1	4	1983	1546	6055
603	생환대실험실습동	구내	RC	1	4	1996	410	1728
606	화학관(학군단)	구내	RC	1	5	1982	2787	9848
607	공동연구소동	구내	SRC	1	8	1999	1130	9193
608	제2법학관	구내	SRC	0	5	2006	1079	4955
609	법학관	구내	RC	1	4	1983	1712	6979
701	제2사범관	구내	RC	1	3	1986	1179	3518
702	조소실	구내	경량ST	0	1	1998	444	444
703	미술관	구내	RC	1	5	1993	1334	5581
703-1	조형학관 실습실	구내	ST	0	1	2010	144	144
704	조형관	구내	RC	0	5	2014	1173	3546
706	경암체육관(교수연구동)	구내	SRC	0	5	2009	4882	12572
707	음악관	구내	RC	0	5	2008	1856	5167
708	학생회관	구내	RC	1	4	1988	4045	10422
709	과학기술연구동	구내	RC	2	4	2007	828	4164
710	대운동장	구내	RC	0	2	1994	885	1424
711	효원재	구내	RC	1	6	1990	682	3343
712	웅비관 A동	구내	RC	2	9	2009	1165	7533
713	웅비관 B동	구내	RC	3	11	2009	2346	14582
714	진리관 관리동	구내	SRC	0	2	2001	1150	1613
714-1	진리관 안내실	구내	SRC	0	1	2001	52	52
715	진리관 가동	구내	SRC	1	9	2001	471	3788
716	진리관 나동	구내	SRC	1	9	2001	471	3788
717	진리관 다동	구내	SRC	1	9	2001	471	3788
K01	관리인관사	구내	RC	0	2	1979	109	218
K05	변전실	구내	RC	0	2	1980	242	435
K06	정문수위실	구내	RC	0	1	1976	36	36
K07	(구)정문수위실	구내	RC	0	1	1979	36	36
K08	기맥정	구내	RC	1	2	1987	128	224
K09	함덕실	구내	RC	0	2	1978	84	168
K14	제3배수지	구내	SRC	0	2	1998	150	300
K15	암석자기학실험실	구내	경량ST	0	1	2005	37	37
Z06	종합상황실	구내	RC	0	1	1957	50	48
K18	테니스장 관리동	구내	RC	0	1	2015	130	130
Z04	자연대야외화장실	구내	RC	0	1	2005	39	39
기타1	총장공관	구외	RC	1	2	1987	301	558
기타2	총장공관경비실	구외	벽돌조	0	1	1991	30	30
기타4	약초원관리사옥	구외	벽돌조	0	1	1979	49	49
Z05	총장공관 차고	구외	ST	0	1	2008	52	52
W01	제7공학관1위험물저장소	구내	RC	0	1	2019	36	36
W02	제7공학관2위험물저장소	구내	RC	0	1	2019	41	41
W03	화학관위험물 저장소	구내	RC	0	1	2019	44	44
A01	PNU에이벡	구외	RC	1	5	2019	301	1107
A02	철골주차장	구내	RC	0	5	2019	1581	5550
A03	옥외저장소-4	구내	RC	0	1	2020	39	39
부고1	부설고등학교 교실	구외	RC	1	5	1990	1839	8012
부고2	부설고등학교 식당동	구외	ST	0	4	2011	351	1405
부고3	부설고등학교 창고	구외	RC	0	1	2000	58	58
부고4	부설고등학교 펌프실	구외	RC	0	1	2000	15	15
부고5	부설고등학교 수위실	구외	RC	0	1	2006	15	15
부고6	부설고등학교 다목적실	구외	RC	0	2	2003	1327	1884
부고7	부설고등학교 특별교실	구외	RC	0	4	2006	354	1373
