측정ID,권역,지점명,위도,경도,시각,볕
20260820_서제2동_02,서제2동,서제2동,35.21328,129.10115,2026-08-20 03:40:00,1
20260820_서제2동_03,서제2동,서제2동,35.21368,129.10199,2026-08-20 03:46:00,1
20260820_서제2동_04,서제2동,서제2동,35.21405,129.10217,2026-08-20 03:50:00,1
20260820_서제2동_05,서제2동,서제2동,35.21453,129.10304,2026-08-20 03:55:00,1
20260820_서제2동_06,서제2동,서제2동,35.21478,129.10243,2026-08-20 04:00:00,1
20260820_서제2동_07,서제2동,서제2동,35.2151,129.10244,2026-08-20 04:04:00,0
20260820_서제2동_08,서제2동,서제2동,35.2155,129.10159,2026-08-20 04:08:00,0
20260820_서제2동_09,서제2동,서제2동,35.21568,129.10013,2026-08-20 04:12:00,0
20260820_서제2동_10,서제2동,서제2동,35.21589,129.1002,2026-08-20 04:16:00,1
20260820_서제2동_11,서제2동,서제2동,35.21638,129.09897,2026-08-20 04:19:00,1
20260820_서제2동_12,서제2동,서제2동,35.21606,129.09883,2026-08-20 04:23:00,1
20260820_서제2동_13,서제2동,서제2동,35.2159,129.09886,2026-08-20 04:26:00,0
20260820_서제2동_14,서제2동,서제2동,35.21562,129.0986,2026-08-20 04:30:00,0
20260820_서제2동_15,서제2동,서제2동,35.21545,129.09849,2026-08-20 04:33:00,0
20260820_서제2동_16,서제2동,서제2동,35.21559,129.09735,2026-08-20 04:36:00,0
20260820_서제2동_17,서제2동,서제2동,35.21582,129.09658,2026-08-20 04:39:00,1
20260820_서제2동_18,서제2동,서제2동,35.21608,129.0957,2026-08-20 04:42:00,1
20260826_부암제1동_01,부암제1동,부암제1동,35.1629,129.0467,2026-08-26 06:06:00,0
20260826_부암제1동_02,부암제1동,부암제1동,35.1628,129.0462,2026-08-26 06:03:00,1
20260826_부암제1동_03,부암제1동,부암제1동,35.1629,129.0453,2026-08-26 06:00:00,0
20260826_부암제1동_04,부암제1동,부암제1동,35.1633,129.0448,2026-08-26 05:57:00,1
20260826_부암제1동_05,부암제1동,부암제1동,35.1638,129.0441,2026-08-26 05:53:00,0
20260826_부암제1동_06,부암제1동,부암제1동,35.1631,129.0444,2026-08-26 05:50:00,1
20260826_부암제1동_07,부암제1동,부암제1동,35.1631,129.045,2026-08-26 05:47:00,1
20260826_부암제1동_09,부암제1동,부암제1동,35.1647,129.046,2026-08-26 05:32:00,1
20260826_부암제1동_10,부암제1동,부암제1동,35.1641,129.0459,2026-08-26 05:27:00,1
20260826_부암제1동_11,부암제1동,부암제1동,35.1637,129.0455,2026-08-26 05:25:00,1
20260826_부암제1동_12,부암제1동,부암제1동,35.1632,129.0452,2026-08-26 05:22:00,1
20260826_부암제1동_13,부암제1동,부암제1동,35.1632,129.0458,2026-08-26 05:20:00,1
20260826_부암제1동_14,부암제1동,부암제1동,35.1632,129.0464,2026-08-26 05:17:00,1
20260826_부암제1동_15,부암제1동,부암제1동,35.1632,129.0472,2026-08-26 05:13:00,1
20260826_부암제1동_16,부암제1동,부암제1동,35.1626,129.0475,2026-08-26 05:10:00,1
20260826_보수동_01,보수동,보수동,35.1054,129.0289,2026-08-26 04:12:00,0
20260826_보수동_02,보수동,보수동,35.106,129.03,2026-08-26 04:09:00,0
20260826_보수동_03,보수동,보수동,35.1068,129.0311,2026-08-26 04:04:00,0
20260826_보수동_04,보수동,보수동,35.1065,129.0312,2026-08-26 04:01:00,0
20260826_보수동_05,보수동,보수동,35.106,129.0309,2026-08-26 03:57:00,1
20260826_보수동_06,보수동,보수동,35.1055,129.0305,2026-08-26 03:54:00,1
20260826_보수동_07,보수동,보수동,35.105,129.0307,2026-08-26 03:49:00,1
20260826_보수동_08,보수동,보수동,35.1042,129.0293,2026-08-26 03:44:00,1
20260826_보수동_09,보수동,보수동,35.1047,129.029,2026-08-26 03:40:00,1
20260826_보수동_10,보수동,보수동,35.1046,129.0281,2026-08-26 03:35:00,1
20260826_보수동_11,보수동,보수동,35.1042,129.0273,2026-08-26 03:28:00,1
20260826_보수동_12,보수동,보수동,35.1051,129.0274,2026-08-26 03:24:00,1
20260826_보수동_13,보수동,보수동,35.1054,129.0289,2026-08-26 03:19:00,1
20260826_보수동_14,보수동,보수동,35.1058,129.0287,2026-08-26 03:16:00,1
20260826_보수동_15,보수동,보수동,35.1065,129.0294,2026-08-26 03:09:00,1
20260826_보수동_16,보수동,보수동,35.1074,129.0299,2026-08-26 03:05:00,1
20260825_용호제1동_01,용호제1동,용호제1동,35.1247,129.1107,2026-08-25 03:56:00,1
20260825_용호제1동_02,용호제1동,용호제1동,35.1242,129.11,2026-08-25 03:51:00,1
20260825_용호제1동_03,용호제1동,용호제1동,35.1232,129.109,2026-08-25 03:46:00,1
20260825_용호제1동_04,용호제1동,용호제1동,35.1239,129.1091,2026-08-25 03:43:00,1
20260825_용호제1동_05,용호제1동,용호제1동,35.1243,129.1092,2026-08-25 03:41:00,1
20260825_용호제1동_06,용호제1동,용호제1동,35.1233,129.1098,2026-08-25 03:36:00,1
20260825_용호제1동_07,용호제1동,용호제1동,35.1229,129.1097,2026-08-25 03:34:00,1
20260825_용호제1동_08,용호제1동,용호제1동,35.1229,129.1101,2026-08-25 03:30:00,1
20260825_용호제1동_09,용호제1동,용호제1동,35.1229,129.1103,2026-08-25 03:27:00,1
20260825_용호제1동_10,용호제1동,용호제1동,35.1228,129.1107,2026-08-25 03:24:00,1
20260825_용호제1동_11,용호제1동,용호제1동,35.1229,129.1114,2026-08-25 03:18:00,1
20260825_용호제1동_12,용호제1동,용호제1동,35.1228,129.1117,2026-08-25 03:16:00,1
20260825_용호제1동_13,용호제1동,용호제1동,35.1228,129.1122,2026-08-25 03:12:00,1
20260825_용호제1동_14,용호제1동,용호제1동,35.123,129.1116,2026-08-25 03:09:00,1
20260825_용호제1동_15,용호제1동,용호제1동,35.1236,129.1112,2026-08-25 03:06:00,0
20260823_명장제2동_01,명장동,명장제2동,35.2111,129.0833,2026-08-23 03:27:00,1
20260823_명장제3동_01,명장동,명장제3동,35.214,129.0854,2026-08-23 03:17:00,0
20260823_명장제4동_01,명장동,명장제4동,35.2147,129.0854,2026-08-23 03:14:00,0
20260823_명장제5동_01,명장동,명장제5동,35.215,129.0858,2026-08-23 03:11:00,0
20260823_명장제6동_01,명장동,명장제6동,35.2153,129.0854,2026-08-23 03:07:00,0
20260823_명장제7동_01,명장동,명장제7동,35.2157,129.0844,2026-08-23 03:04:00,1
20260823_명장제8동_01,명장동,명장제8동,35.2161,129.0857,2026-08-23 03:00:00,1
20260823_명장제9동_01,명장동,명장제9동,35.2162,129.0861,2026-08-23 02:56:00,1
20260823_명장제10동_01,명장동,명장제10동,35.2158,129.0861,2026-08-23 02:53:00,1
20260823_명장제11동_01,명장동,명장제11동,35.2156,129.0868,2026-08-23 02:50:00,1
20260823_명장제12동_01,명장동,명장제12동,35.2152,129.0874,2026-08-23 02:47:00,1
20260823_명장제13동_01,명장동,명장제13동,35.2149,129.0882,2026-08-23 02:43:00,1
20260823_명장제14동_01,명장동,명장제14동,35.2145,129.0899,2026-08-23 02:40:00,1
20260823_명장제15동_01,명장동,명장제15동,35.2139,129.0899,2026-08-23 02:34:00,1
20260823_명장제16동_01,명장동,명장제16동,35.2136,129.0905,2026-08-23 02:29:00,0
20260823_명장제17동_01,명장동,명장제17동,35.2125,129.0902,2026-08-23 02:22:00,0
20260823_명장제18동_01,명장동,명장제18동,35.2123,129.0897,2026-08-23 02:19:00,1
