측정ID,시각,권역,LCZ,name,위도,경도,표고_m,Ta,RH,v,Tmrt,PET,Ts,태양고도,sun,SVF,TVF,BVF,사진,width_m,hw_ratio,H_m,H_default,geo_SVF,geo_GVI,geo_BVI
20260820_서제2동_02,2026-08-20 12:40:00,서제2동,3,Seo 2,35.21328,129.10115,50.0,34.6,44.8,1.0,61.23,46.45,49.25,67.1,1,0.5235,0.0393,0.4292,144,13.0,0.65,8.45,0,0.7842,0.0076,0.4328
20260820_서제2동_03,2026-08-20 12:46:00,서제2동,3,Seo 2,35.21368,129.10199,43.0,34.7,47.2,0.7,55.07,45.01,53.15,66.8,1,0.5856,0.0006,0.4094,146,9.8,0.87,8.53,0,0.7351,0.0254,0.4792
20260820_서제2동_04,2026-08-20 12:50:00,서제2동,3,Seo 2,35.21405,129.10217,43.0,34.8,46.3,0.6,58.81,47.3,50.89,66.7,1,0.5137,0.0,0.4718,148,13.1,1.0,13.1,0,0.6937,0.0045,0.511
20260820_서제2동_05,2026-08-20 12:55:00,서제2동,3,Seo 2,35.21453,129.10304,29.0,35.4,45.0,0.9,57.15,45.72,51.02,66.4,1,0.5931,0.0,0.3921,151,11.1,0.99,10.99,0,0.7172,0.0029,0.4535
20260820_서제2동_06,2026-08-20 13:00:00,서제2동,3,Seo 2,35.21478,129.10243,37.0,33.0,53.8,1.1,38.32,35.91,40.42,66.0,0,0.0099,0.0,0.7579,153,2.7,3.63,9.8,0,0.5937,0.0327,0.5243
20260820_서제2동_07,2026-08-20 13:04:00,서제2동,3,Seo 2,35.2151,129.10244,30.0,34.1,47.5,0.0,37.21,38.44,51.33,65.7,0,,,,158,19.2,0.37,7.1,0,0.8236,0.0198,0.4587
20260820_서제2동_08,2026-08-20 13:08:00,서제2동,3,Seo 2,35.2155,129.10159,35.0,34.8,45.8,0.4,39.9,38.75,51.51,65.4,0,0.4498,0.0,0.5072,160,3.2,3.45,11.04,0,0.6107,0.0,0.5356
20260820_서제2동_09,2026-08-20 13:12:00,서제2동,3,Seo 2,35.21568,129.10013,42.0,35.8,42.7,0.6,59.11,47.94,58.32,65.1,1,0.6953,0.0219,0.2694,162,2.3,3.04,6.99,0,0.5401,0.0017,0.5225
20260820_서제2동_10,2026-08-20 13:16:00,서제2동,3,Seo 2,35.21589,129.1002,37.0,34.6,44.2,1.0,63.58,47.5,53.51,64.7,1,0.7145,0.0078,0.2439,163,28.9,0.4,11.56,0,0.8463,0.0073,0.3375
20260820_서제2동_11,2026-08-20 13:19:00,서제2동,3,Seo 2,35.21638,129.09897,49.0,36.6,41.1,0.4,51.15,45.32,54.58,64.4,1,0.7221,0.0,0.1851,165,29.2,0.22,6.42,0,0.8752,0.0245,0.4092
20260820_서제2동_12,2026-08-20 13:23:00,서제2동,3,Seo 2,35.21606,129.09883,49.0,34.1,43.4,1.1,59.01,44.41,37.11,64.0,1,0.1776,0.0,0.6847,166,2.5,2.2,5.5,0,0.5748,0.0161,0.5302
20260820_서제2동_13,2026-08-20 13:26:00,서제2동,3,Seo 2,35.2159,129.09886,49.0,35.2,43.7,0.9,53.91,43.86,46.86,63.6,1,0.4456,0.0008,0.5412,168,7.2,1.28,9.22,0,0.5393,0.0131,0.5303
20260820_서제2동_14,2026-08-20 13:30:00,서제2동,3,Seo 2,35.21562,129.0986,64.0,33.5,49.2,0.7,44.72,39.26,35.3,63.1,0,0.098,0.0,0.7841,170,4.8,1.43,6.86,0,0.4167,0.0132,0.5438
20260820_서제2동_15,2026-08-20 13:33:00,서제2동,3,Seo 2,35.21545,129.09849,64.0,33.9,46.9,0.6,46.27,40.39,47.95,62.8,0,0.3995,0.0,0.5907,171,7.3,1.38,10.07,0,0.3547,0.014,0.5444
20260820_서제2동_16,2026-08-20 13:36:00,서제2동,3,Seo 2,35.21559,129.09735,79.0,34.4,45.6,1.2,45.93,39.23,50.99,62.4,0,0.537,0.0001,0.4334,173,4.5,2.09,9.4,0,0.2898,0.0,0.5196
20260820_서제2동_17,2026-08-20 13:39:00,서제2동,3,Seo 2,35.21582,129.09658,88.0,35.0,44.6,0.0,39.98,40.31,52.98,62.0,0,0.389,0.0,0.5563,174,7.2,0.96,6.91,0,0.4379,0.0145,0.5352
20260820_서제2동_18,2026-08-20 13:42:00,서제2동,3,Seo 2,35.21608,129.0957,78.0,34.9,44.0,0.4,56.08,46.8,57.95,61.6,1,0.845,0.0152,0.1348,176,16.4,0.42,6.89,0,0.9344,0.0245,0.3326
20260826_부암제1동_01,2026-08-26 15:06:00,부암제1동,1,Buam 1,35.1629,129.0467,33.0,38.7,40.6,0.0,51.37,48.95,45.81,46.0,0,0.3499,0.0,0.6108,258,2.5,1.59,3.98,0,0.7833,0.0198,0.4769
20260826_부암제1동_02,2026-08-26 15:03:00,부암제1동,1,Buam 1,35.1628,129.0462,32.0,36.4,47.8,1.0,58.27,47.37,55.41,46.5,1,0.6623,0.0871,0.2461,256,,,,,0.7687,0.0414,0.1869
20260826_부암제1동_03,2026-08-26 15:00:00,부암제1동,1,Buam 1,35.1629,129.0453,34.0,38.3,43.0,0.0,49.2,47.71,53.36,47.1,0,0.5393,0.0106,0.3669,255,48.2,0.11,5.3,1,0.8976,0.0209,0.2685
20260826_부암제1동_04,2026-08-26 14:57:00,부암제1동,1,Buam 1,35.1633,129.0448,33.0,38.6,41.8,0.0,52.0,49.24,60.1,47.6,1,0.8104,0.0236,0.1123,254,9.2,0.75,6.9,1,0.8668,0.0162,0.4345
20260826_부암제1동_05,2026-08-26 14:53:00,부암제1동,1,Buam 1,35.1638,129.0441,39.0,36.5,47.3,0.6,54.03,46.66,57.25,48.4,1,0.5472,0.0095,0.3771,253,9.8,0.86,8.43,0,0.6986,0.0582,0.4556
20260826_부암제1동_06,2026-08-26 14:50:00,부암제1동,1,Buam 1,35.1631,129.0444,33.0,38.1,42.0,0.0,53.51,49.82,60.01,48.9,1,0.6802,0.0013,0.3088,252,8.1,1.0,8.1,0,0.6837,0.0007,0.5155
20260826_부암제1동_07,2026-08-26 14:47:00,부암제1동,1,Buam 1,35.1631,129.045,33.0,38.2,42.0,0.0,50.72,48.43,62.08,49.5,1,0.4742,0.0,0.4761,251,4.3,1.28,5.5,1,0.8382,0.004,0.4907
20260826_부암제1동_09,2026-08-26 14:32:00,부암제1동,1,Buam 1,35.1647,129.046,49.0,36.0,45.6,1.2,63.35,48.39,58.34,52.1,1,0.5714,0.0517,0.3254,249,66.1,0.61,40.32,0,0.8915,0.0359,0.2734
20260826_부암제1동_10,2026-08-26 14:27:00,부암제1동,1,Buam 1,35.1641,129.0459,43.0,36.0,47.3,0.7,62.44,49.96,61.39,52.9,1,0.6988,0.0232,0.2216,246,14.5,0.58,8.41,1,0.8195,0.0038,0.486
20260826_부암제1동_11,2026-08-26 14:25:00,부암제1동,1,Buam 1,35.1637,129.0455,54.0,37.6,45.0,0.4,59.2,50.97,56.66,53.3,1,0.5115,0.0005,0.4633,245,11.6,1.12,12.99,0,0.9205,0.0177,0.3226
20260826_부암제1동_12,2026-08-26 14:22:00,부암제1동,1,Buam 1,35.1632,129.0452,34.0,37.3,42.0,0.0,54.02,49.78,55.51,53.8,1,0.6082,0.0013,0.378,244,6.4,0.65,4.16,0,0.9689,0.0387,0.333
20260826_부암제1동_13,2026-08-26 14:20:00,부암제1동,1,Buam 1,35.1632,129.0458,34.0,37.3,44.0,0.7,62.96,51.06,61.01,54.1,1,0.5921,0.0026,0.3635,243,10.7,0.65,6.96,0,0.8448,0.0184,0.2946
20260826_부암제1동_14,2026-08-26 14:17:00,부암제1동,1,Buam 1,35.1632,129.0464,32.0,37.3,45.4,0.8,63.41,51.08,60.2,54.6,1,0.7615,0.0043,0.1239,242,7.1,1.0,7.1,0,0.8786,0.0279,0.3996
20260826_부암제1동_15,2026-08-26 14:13:00,부암제1동,1,Buam 1,35.1632,129.0472,33.0,37.3,45.3,0.0,53.12,49.33,66.44,55.2,1,0.8339,0.0098,0.1267,241,13.1,0.53,6.94,1,0.9169,0.0078,0.4031
20260826_부암제1동_16,2026-08-26 14:10:00,부암제1동,1,Buam 1,35.1626,129.0475,33.0,36.8,45.7,1.0,68.33,52.29,64.07,55.7,1,0.7508,0.0137,0.2261,239,,,,,0.787,0.0277,0.221
20260826_보수동_01,2026-08-26 13:12:00,보수동,2,Bosu,35.1054,129.0289,99.0,32.8,60.0,1.2,45.74,39.08,47.31,63.2,0,0.4749,0.0003,0.5169,238,14.3,0.76,10.87,0,0.5817,0.0182,0.5079
20260826_보수동_02,2026-08-26 13:09:00,보수동,2,Bosu,35.106,129.03,86.0,32.0,61.7,0.5,41.29,38.21,45.47,63.4,0,0.5019,0.0021,0.4418,237,6.7,1.49,9.98,0,0.5955,0.0203,0.5644
20260826_보수동_03,2026-08-26 13:04:00,보수동,2,Bosu,35.1068,129.0311,94.0,34.0,55.5,1.1,47.94,40.99,53.26,63.8,0,0.591,0.0009,0.341,236,20.0,0.65,13.0,0,0.7926,0.0205,0.3992
20260826_보수동_04,2026-08-26 13:01:00,보수동,2,Bosu,35.1065,129.0312,68.0,33.6,57.3,0.0,40.01,40.59,53.14,64.0,0,0.4419,0.0858,0.4563,235,16.0,0.81,12.96,0,0.6131,0.015,0.5718
20260826_보수동_05,2026-08-26 12:57:00,보수동,2,Bosu,35.106,129.0309,68.0,33.5,62.0,0.7,51.52,43.86,50.16,64.3,1,0.3781,0.0177,0.5677,234,10.1,1.09,11.01,1,0.729,0.0,0.533
20260826_보수동_06,2026-08-26 12:54:00,보수동,2,Bosu,35.1055,129.0305,64.0,33.0,60.0,0.5,61.37,49.06,51.14,64.5,1,0.4761,0.0,0.4937,233,11.9,0.71,8.45,1,0.6609,0.0016,0.5459
20260826_보수동_07,2026-08-26 12:49:00,보수동,2,Bosu,35.105,129.0307,64.0,33.4,60.0,0.7,53.93,44.67,55.0,64.8,1,0.4834,0.0517,0.4392,232,29.4,0.49,14.41,0,0.695,0.0303,0.4326
20260826_보수동_08,2026-08-26 12:44:00,보수동,2,Bosu,35.1042,129.0293,52.0,36.0,54.0,0.0,49.71,47.13,50.68,65.0,1,0.6092,0.1617,0.209,230,45.6,0.51,23.26,1,0.6743,0.1394,0.2251
20260826_보수동_09,2026-08-26 12:40:00,보수동,2,Bosu,35.1047,129.029,63.0,34.7,54.4,0.7,58.69,47.67,56.02,65.1,1,0.4256,0.376,0.185,229,37.1,0.31,11.5,0,0.5477,0.2405,0.2442
20260826_보수동_10,2026-08-26 12:35:00,보수동,2,Bosu,35.1046,129.0281,66.0,34.1,57.0,0.5,54.23,46.05,53.12,65.2,1,0.4709,0.0945,0.4117,228,17.1,1.63,27.87,0,0.5975,0.0755,0.4767
20260826_보수동_11,2026-08-26 12:28:00,보수동,2,Bosu,35.1042,129.0273,51.0,34.5,54.0,1.2,62.84,47.6,53.17,65.3,1,0.5208,0.0144,0.4613,226,8.7,0.8,6.96,1,0.6952,0.0261,0.5226
20260826_보수동_12,2026-08-26 12:24:00,보수동,2,Bosu,35.1051,129.0274,72.0,35.9,49.0,0.0,51.44,47.94,55.56,65.3,1,0.638,0.003,0.3581,225,11.4,0.87,9.92,1,0.9026,0.028,0.383
20260826_보수동_13,2026-08-26 12:19:00,보수동,2,Bosu,35.1054,129.0289,99.0,34.5,52.0,0.5,52.96,45.21,54.94,65.3,1,0.4809,0.0034,0.4759,223,14.3,0.76,10.87,0,0.5817,0.0182,0.5079
20260826_보수동_14,2026-08-26 12:16:00,보수동,2,Bosu,35.1058,129.0287,99.0,35.5,50.9,0.4,53.17,46.61,54.55,65.2,1,0.8293,0.0484,0.1121,222,18.5,0.51,9.44,0,0.845,0.0215,0.3867
20260826_보수동_15,2026-08-26 12:09:00,보수동,2,Bosu,35.1065,129.0294,108.0,33.6,57.0,0.4,55.91,47.02,54.58,65.0,1,0.8511,0.0347,0.0352,221,8.2,0.74,6.07,0,0.8939,0.0344,0.2954
20260826_보수동_16,2026-08-26 12:05:00,보수동,2,Bosu,35.1074,129.0299,130.0,33.0,54.0,0.5,61.87,48.69,61.1,64.9,1,0.6377,0.0114,0.2501,220,24.3,0.45,10.94,1,0.811,0.0398,0.3358
20260825_용호제1동_01,2026-08-25 12:56:00,용호제1동,4,Yongho 1,35.1247,129.1107,4.0,36.0,48.0,0.6,57.6,48.04,57.81,64.7,1,0.5568,0.0099,0.4147,219,11.0,0.77,8.47,0,0.5798,0.0042,0.4828
20260825_용호제1동_02,2026-08-25 12:51:00,용호제1동,4,Yongho 1,35.1242,129.11,6.0,35.2,50.0,0.8,66.67,51.21,57.04,65.0,1,0.7453,0.0001,0.2379,218,18.2,0.59,10.74,0,0.9022,0.0178,0.3186
20260825_용호제1동_03,2026-08-25 12:46:00,용호제1동,4,Yongho 1,35.1232,129.109,9.0,34.5,50.6,0.6,53.7,44.97,57.78,65.2,1,0.6485,0.0,0.19,215,11.4,0.76,8.66,0,0.7476,0.0197,0.411
20260825_용호제1동_04,2026-08-25 12:43:00,용호제1동,4,Yongho 1,35.1239,129.1091,6.0,34.6,47.7,0.7,58.61,46.71,51.55,65.3,1,0.5255,0.0,0.4717,214,6.5,1.34,8.71,0,0.608,0.0075,0.5455
20260825_용호제1동_05,2026-08-25 12:41:00,용호제1동,4,Yongho 1,35.1243,129.1092,6.0,34.1,51.0,0.7,61.71,48.17,56.72,65.4,1,0.6791,0.0,0.2998,213,14.7,0.58,8.53,0,0.6781,0.0037,0.5374
20260825_용호제1동_06,2026-08-25 12:36:00,용호제1동,4,Yongho 1,35.1233,129.1098,6.0,35.2,49.0,1.0,67.36,50.57,54.35,65.5,1,0.7072,0.0,0.2671,212,12.5,0.55,6.88,0,0.7382,0.0066,0.4247
20260825_용호제1동_07,2026-08-25 12:34:00,용호제1동,4,Yongho 1,35.1229,129.1097,6.0,37.0,50.6,0.5,59.68,50.89,51.18,65.6,1,0.7258,0.0067,0.2563,211,29.2,0.29,8.47,0,0.8161,0.0352,0.323
20260825_용호제1동_08,2026-08-25 12:30:00,용호제1동,4,Yongho 1,35.1229,129.1101,5.0,36.0,51.3,0.5,63.91,52.29,52.67,65.6,1,0.5642,0.0018,0.4031,209,8.2,0.66,5.41,0,0.4548,0.0068,0.5192
20260825_용호제1동_09,2026-08-25 12:27:00,용호제1동,4,Yongho 1,35.1229,129.1103,5.0,36.9,46.0,0.3,56.12,49.42,54.99,65.6,1,0.6996,0.0838,0.2075,208,15.2,0.24,3.65,0,0.5858,0.0078,0.5073
20260825_용호제1동_10,2026-08-25 12:24:00,용호제1동,4,Yongho 1,35.1228,129.1107,5.0,36.0,48.1,0.0,46.09,44.86,49.21,65.6,1,0.5618,0.0267,0.4016,207,7.5,1.34,10.05,0,0.7936,0.0091,0.3747
20260825_용호제1동_11,2026-08-25 12:18:00,용호제1동,4,Yongho 1,35.1229,129.1114,5.0,35.0,50.0,0.4,52.22,45.56,49.6,65.6,1,0.5387,0.0647,0.3799,206,8.2,1.33,10.91,0,0.5741,0.0087,0.5447
20260825_용호제1동_12,2026-08-25 12:16:00,용호제1동,4,Yongho 1,35.1228,129.1117,5.0,34.2,52.2,0.4,54.97,46.54,49.34,65.6,1,0.4639,0.0,0.4232,205,6.9,3.81,26.29,0,0.7484,0.0087,0.4868
20260825_용호제1동_13,2026-08-25 12:12:00,용호제1동,4,Yongho 1,35.1228,129.1122,5.0,35.0,48.2,1.0,74.44,53.83,52.75,65.5,1,0.3611,0.0,0.6276,203,6.5,1.53,9.95,0,0.7586,0.0073,0.4368
20260825_용호제1동_14,2026-08-25 12:09:00,용호제1동,4,Yongho 1,35.123,129.1116,5.0,36.0,47.3,0.0,50.44,47.32,54.88,65.4,1,0.4824,0.0026,0.5115,201,17.7,0.5,8.85,0,0.6302,0.0087,0.507
20260825_용호제1동_15,2026-08-25 12:06:00,용호제1동,4,Yongho 1,35.1236,129.1112,5.0,34.1,53.0,0.0,49.56,46.02,55.9,65.2,1,0.7104,0.0,0.2777,200,12.5,0.41,5.12,0,0.7086,0.0091,0.4532
20260823_명장제2동_01,2026-08-23 12:27:00,명장동,5,Myeongjang,35.2111,129.0833,12.0,33.3,55.5,0.0,39.72,40.03,50.78,66.2,1,0.7581,0.0024,0.2051,199,33.2,0.12,3.98,0,0.9055,0.0106,0.3684
20260823_명장제3동_01,2026-08-23 12:17:00,명장동,5,Myeongjang,35.214,129.0854,37.0,32.9,57.2,0.4,38.34,37.58,38.77,66.1,0,0.3071,0.3026,0.2603,198,,,,,0.5725,0.3011,0.0353
20260823_명장제4동_01,2026-08-23 12:14:00,명장동,5,Myeongjang,35.2147,129.0854,29.0,33.2,54.8,1.8,52.13,40.42,44.57,66.1,0,0.408,0.3106,0.2699,197,21.0,1.72,36.12,0,0.5325,0.0953,0.347
20260823_명장제5동_01,2026-08-23 12:11:00,명장동,5,Myeongjang,35.215,129.0858,16.0,34.4,53.0,0.7,43.2,39.94,45.52,66.0,0,0.2467,0.1526,0.4793,196,18.5,0.7,12.95,0,0.7782,0.0564,0.3611
20260823_명장제6동_01,2026-08-23 12:07:00,명장동,5,Myeongjang,35.2153,129.0854,16.0,34.2,53.3,0.0,38.85,40.0,45.21,65.8,0,0.6033,0.0154,0.3507,195,10.6,0.96,10.18,0,0.7336,0.0268,0.4871
20260823_명장제7동_01,2026-08-23 12:04:00,명장동,5,Myeongjang,35.2157,129.0844,13.0,34.5,52.3,1.1,46.4,40.51,44.81,65.7,0,0.4534,0.0653,0.3569,192,16.9,0.59,9.97,0,0.6442,0.0212,0.4552
20260823_명장제8동_01,2026-08-23 12:00:00,명장동,5,Myeongjang,35.2161,129.0857,13.0,34.4,45.5,0.4,57.1,47.09,48.33,65.5,1,0.5681,0.0036,0.4131,191,15.6,0.64,9.98,0,0.6553,0.0086,0.5272
20260823_명장제9동_01,2026-08-23 11:56:00,명장동,5,Myeongjang,35.2162,129.0861,14.0,36.4,45.5,0.4,51.22,45.74,57.96,65.3,1,0.6673,0.0072,0.3039,190,33.1,0.41,13.57,0,0.9348,0.0479,0.2831
20260823_명장제10동_01,2026-08-23 11:53:00,명장동,5,Myeongjang,35.2158,129.0861,19.0,34.7,49.7,0.4,49.4,43.8,51.25,65.1,1,0.7336,0.0369,0.2131,189,7.8,1.57,12.25,0,0.5791,0.044,0.5021
20260823_명장제11동_01,2026-08-23 11:50:00,명장동,5,Myeongjang,35.2156,129.0868,20.0,36.8,44.5,0.5,62.58,51.44,53.02,64.9,1,0.6281,0.1233,0.1503,188,23.6,0.3,7.08,0,0.8673,0.0752,0.3037
20260823_명장제12동_01,2026-08-23 11:47:00,명장동,5,Myeongjang,35.2152,129.0874,20.0,36.7,46.7,0.0,54.37,49.76,54.71,64.6,1,0.666,0.0114,0.3034,187,14.9,0.78,11.62,0,0.7002,0.0557,0.45
20260823_명장제13동_01,2026-08-23 11:43:00,명장동,5,Myeongjang,35.2149,129.0882,35.0,36.9,44.4,0.5,55.64,47.86,52.39,64.3,1,0.5922,0.0042,0.3944,186,13.7,0.59,8.08,0,0.7396,0.0556,0.4379
20260823_명장제14동_01,2026-08-23 11:40:00,명장동,5,Myeongjang,35.2145,129.0899,28.0,35.2,47.1,2.2,77.35,51.32,54.83,64.0,1,0.6835,0.0193,0.209,185,,,,,0.8276,0.0778,0.1685
20260823_명장제15동_01,2026-08-23 11:34:00,명장동,5,Myeongjang,35.2139,129.0899,39.0,34.9,45.7,0.0,53.24,48.06,53.63,63.4,1,0.6635,0.1599,0.1678,184,,,,,0.7756,0.0769,0.1896
20260823_명장제16동_01,2026-08-23 11:29:00,명장동,5,Myeongjang,35.2136,129.0905,34.0,35.7,46.9,1.0,71.89,53.08,52.31,62.9,1,0.7523,0.0366,0.1952,182,41.6,0.38,15.81,0,0.8463,0.0759,0.1988
20260823_명장제17동_01,2026-08-23 11:22:00,명장동,5,Myeongjang,35.2125,129.0902,52.0,35.7,46.3,0.7,61.02,48.82,55.91,62.1,1,0.7665,0.1464,0.0749,179,,,,,0.919,0.1804,0.0666
20260823_명장제18동_01,2026-08-23 11:19:00,명장동,5,Myeongjang,35.2123,129.0897,72.0,35.0,50.4,0.0,41.91,42.0,53.48,61.8,1,0.8181,0.1104,0.0519,177,,,,,0.853,0.1302,0.136
