측정ID,시각,지점명,권역,위도,경도,Ta,RH,v,Tmrt,PET,Ts,볕,태양고도,SVF,TVF,BVF,앱_SVF,앱_GVI,앱_BVI,앱_유효,앱_입력_기온,앱_입력_풍속,앱_입력_습도,실측당시_앱pVPTI,엔진예측_PET,엔진예측_Tmrt,tier3_svf,tier3_gvi,tier3_bvi,ndvi30,lst30,run_A_Tmrt,run_A_PET,run_B_Tmrt,run_B_PET,run_C_Tmrt,run_C_PET,run_D_Tmrt,run_D_PET
20260820_서제2동_02,2026-08-20 12:40:00,서제2동,서제2동,35.21328,129.10115,34.6,44.8,1.0,61.23,46.45,49.25,1,67.1,0.66,0.0277,0.3123,0.978,0.0,0.43,무효-인근대체(47m),31.8,1.7,58,39.4,44.0,69.43,0.7842,0.0076,0.4328,0.0961826805883481,48.99867838123797,50.73,35.49,50.91,35.9,53.46,40.24,53.51,40.5
20260820_서제2동_03,2026-08-20 12:46:00,서제2동,서제2동,35.21368,129.10199,34.7,47.2,0.7,55.07,45.01,53.15,1,66.8,0.5938,0.0256,0.3805,0.579,0.0,0.594,유효,31.8,1.7,58,39.1,44.7,70.35,0.7351,0.0254,0.4792,0.0822047987305207,49.42156339899163,51.08,36.34,50.85,35.98,54.27,42.31,54.4,42.63
20260820_서제2동_04,2026-08-20 12:50:00,서제2동,서제2동,35.21405,129.10217,34.8,46.3,0.6,58.81,47.3,50.89,1,66.7,0.6914,0.0132,0.2954,0.073,0.0,0.496,유효,31.8,1.7,58,39.6,44.8,70.54,0.6937,0.0045,0.511,0.0392461287365331,49.253682226278265,50.83,37.19,51.0,36.1,54.65,43.01,54.59,42.99
20260820_서제2동_05,2026-08-20 12:55:00,서제2동,서제2동,35.21453,129.10304,35.4,45.0,0.9,57.15,45.72,51.02,1,66.4,0.657,0.0166,0.3264,0.935,0.0,0.395,유효,32.0,2.1,56,38.4,45.1,70.32,0.7172,0.0029,0.4535,0.0783853533685692,49.28638440412746,50.41,34.87,50.6,35.31,54.62,42.24,54.6,42.34
20260820_서제2동_06,2026-08-20 13:00:00,서제2동,서제2동,35.21478,129.10243,33.0,53.8,1.1,38.32,35.91,40.42,1,66.0,0.7568,0.0173,0.2259,0.921,0.0,0.527,무효-인근대체(49m),32.0,2.1,56,38.7,42.8,68.04,0.5937,0.0327,0.5243,0.058920934404927,49.61149200661193,50.43,34.9,50.51,35.51,52.55,39.22,52.54,38.92
20260820_서제2동_07,2026-08-20 13:04:00,서제2동,서제2동,35.2151,129.10244,34.1,47.5,0.0,37.21,38.44,51.33,0,65.7,0.3058,0.0007,0.6934,0.002,0.0,0.426,무효-분석부실,32.0,2.1,56,38.1,38.2,46.59,0.8236,0.0198,0.4587,0.025502467700149,49.53318487760937,34.16,30.85,39.08,31.53,40.95,39.77,37.85,38.06
20260820_서제2동_08,2026-08-20 13:08:00,서제2동,서제2동,35.2155,129.10159,34.8,45.8,0.4,39.9,38.75,51.51,0,65.4,0.6571,0.0943,0.2486,0.677,0.0,0.497,유효,32.0,2.1,56,38.8,39.1,48.17,0.6107,0.0,0.5356,0.072131514450034,49.266594706006686,38.42,31.47,38.1,31.44,40.39,37.3,40.58,37.37
20260820_서제2동_09,2026-08-20 13:12:00,서제2동,서제2동,35.21568,129.10013,35.8,42.7,0.6,59.11,47.94,58.32,0,65.1,0.6682,0.052,0.2798,0.843,0.001,0.343,유효,32.0,2.1,56,38.3,40.0,48.9,0.5401,0.0017,0.5225,0.1096694613584721,49.77532831590607,39.13,31.53,37.71,31.4,40.74,37.43,41.37,37.59
20260820_서제2동_10,2026-08-20 13:16:00,서제2동,서제2동,35.21589,129.1002,34.6,44.2,1.0,63.58,47.5,53.51,1,64.7,0.8063,0.0255,0.1682,0.843,0.001,0.343,유효,32.0,2.1,56,38.3,43.8,68.84,0.8463,0.0073,0.3375,0.0995768881222858,49.77959562881905,50.52,35.07,50.49,35.05,53.26,39.95,53.22,40.01
20260820_서제2동_11,2026-08-20 13:19:00,서제2동,서제2동,35.21638,129.09897,36.6,41.1,0.4,51.15,45.32,54.58,1,64.4,0.8221,0.0147,0.1633,0.007,0.001,0.336,무효-분석부실,32.0,2.1,56,30.3,46.3,71.68,0.8752,0.0245,0.4092,0.0598677511657734,49.54537744449291,50.38,36.49,50.38,34.98,55.83,45.64,56.0,45.8
20260820_서제2동_12,2026-08-20 13:23:00,서제2동,서제2동,35.21606,129.09883,34.1,43.4,1.1,59.01,44.41,37.11,1,64.0,0.7818,0.0244,0.1938,0.978,0.0,0.361,유효,32.0,2.1,56,31.8,43.0,68.23,0.5748,0.0161,0.5302,0.0874085022351994,49.17597601439516,50.39,34.8,50.6,35.56,52.86,39.27,52.49,38.78
20260820_서제2동_13,2026-08-20 13:26:00,서제2동,서제2동,35.2159,129.09886,35.2,43.7,0.9,53.91,43.86,46.86,0,63.6,0.5064,0.0845,0.409,0.057,0.0,0.672,유효,32.0,2.1,56,30.3,39.2,47.84,0.5393,0.0131,0.5303,0.1045065717854444,49.00931987181137,34.44,30.89,37.59,31.37,40.06,36.02,39.89,36.0
20260820_서제2동_14,2026-08-20 13:30:00,서제2동,서제2동,35.21562,129.0986,33.5,49.2,0.7,44.72,39.26,35.3,0,63.1,0.6973,0.0481,0.2545,0.057,0.0,0.672,무효-인근대체(48m),32.0,2.1,56,30.3,37.9,46.85,0.4167,0.0132,0.5438,0.1095624524377982,48.7309364133885,34.41,30.89,36.87,31.28,37.97,34.57,39.51,34.9
20260820_서제2동_15,2026-08-20 13:33:00,서제2동,서제2동,35.21545,129.09849,33.9,46.9,0.6,46.27,40.39,47.95,0,62.8,0.4644,0.0465,0.4891,0.502,0.0,0.616,유효,32.0,2.1,56,31.5,38.0,46.48,0.3547,0.014,0.5444,0.1270173584874489,48.44309523176669,37.33,31.33,36.47,31.22,37.81,34.95,38.48,35.14
20260820_서제2동_16,2026-08-20 13:36:00,서제2동,서제2동,35.21559,129.09735,34.4,45.6,1.2,45.93,39.23,50.99,0,62.4,0.5096,0.0103,0.4801,0.179,0.015,0.552,유효,32.0,2.1,56,31.1,38.3,46.97,0.2898,0.0,0.5196,0.1669127032748405,47.11002182334529,35.28,31.03,36.02,31.15,37.85,34.28,39.12,34.56
20260820_서제2동_17,2026-08-20 13:39:00,서제2동,서제2동,35.21582,129.09658,35.0,44.6,0.0,39.98,40.31,52.98,1,62.0,0.6044,0.0123,0.3832,0.22,0.0,0.568,유효,32.0,2.1,56,30.6,45.1,71.69,0.4379,0.0145,0.5352,0.131456427233122,46.8305578132601,50.52,36.16,50.55,35.79,55.7,48.78,55.7,48.78
20260820_서제2동_18,2026-08-20 13:42:00,서제2동,서제2동,35.21608,129.0957,34.9,44.0,0.4,56.08,46.8,57.95,1,61.6,0.5758,0.0362,0.3879,0.955,0.015,0.338,유효,32.6,1.5,53,33.6,44.6,70.29,0.9344,0.0245,0.3326,0.1371047145533625,47.96014483493577,51.27,36.56,51.25,36.59,54.18,43.35,54.55,44.19
20260826_부암제1동_01,2026-08-26 15:06:00,부암제1동,부암제1동,35.1629,129.0467,38.7,40.6,0.0,51.37,48.95,45.81,0,46.0,0.5417,0.0268,0.4315,0.999,0.001,0.343,무효-인근대체(51m),33.6,1.1,58,46.6,41.9,46.27,0.7833,0.0198,0.4769,0.1358335563772725,,40.52,35.56,39.42,35.38,43.47,43.7,42.03,42.89
20260826_부암제1동_02,2026-08-26 15:03:00,부암제1동,부암제1동,35.1628,129.0462,36.4,47.8,1.0,58.27,47.37,55.41,1,46.5,0.7652,0.0694,0.1654,0.404,0.035,0.097,무효-인근대체(43m),33.6,1.1,58,47.8,45.2,66.01,0.7687,0.0414,0.1869,0.0853764159545692,,51.46,40.54,52.14,40.18,54.22,43.51,54.08,43.47
20260826_부암제1동_03,2026-08-26 15:00:00,부암제1동,부암제1동,35.1629,129.0453,38.3,43.0,0.0,49.2,47.71,53.36,0,47.1,0.6498,0.0283,0.3219,0.024,0.002,0.174,무효-분석부실,33.6,1.1,58,38.8,41.9,46.65,0.8976,0.0209,0.2685,0.0492777697305255,,33.84,33.96,40.12,35.53,44.1,44.09,42.69,43.3
20260826_부암제1동_04,2026-08-26 14:57:00,부암제1동,부암제1동,35.1633,129.0448,38.6,41.8,0.0,52.0,49.24,60.1,1,47.6,0.8804,0.0489,0.0707,0.0,0.059,0.211,무효-분석부실,33.6,1.1,58,38.6,47.9,69.75,0.8668,0.0162,0.4345,0.2262346266797094,,50.18,40.63,52.52,40.15,57.58,51.19,57.38,51.1
20260826_부암제1동_05,2026-08-26 14:53:00,부암제1동,부암제1동,35.1638,129.0441,36.5,47.3,0.6,54.03,46.66,57.25,0,48.4,0.8573,0.0329,0.1098,0.0,0.059,0.211,무효-분석부실,33.6,1.1,58,38.3,40.5,46.27,0.6986,0.0582,0.4556,0.1982783498818098,50.91834226446897,33.87,33.98,39.15,35.38,41.44,39.1,42.29,39.32
20260826_부암제1동_06,2026-08-26 14:50:00,부암제1동,부암제1동,35.1631,129.0444,38.1,42.0,0.0,53.51,49.82,60.01,1,48.9,0.8649,0.0089,0.1262,0.0,0.059,0.211,무효-분석부실,33.6,1.1,58,38.3,47.6,70.26,0.6837,0.0007,0.5155,0.1732543776789738,,50.46,40.76,52.59,40.5,57.27,50.87,57.3,50.88
20260826_부암제1동_07,2026-08-26 14:47:00,부암제1동,부암제1동,35.1631,129.045,38.2,42.0,0.0,50.72,48.43,62.08,1,49.5,0.827,0.0094,0.1635,0.0,0.059,0.211,무효-분석부실,33.6,1.1,58,38.3,47.8,70.57,0.8382,0.004,0.4907,0.1360822662738135,,50.57,40.81,52.79,40.3,57.52,51.03,57.49,51.01
20260826_부암제1동_09,2026-08-26 14:32:00,부암제1동,부암제1동,35.1647,129.046,36.0,45.6,1.2,63.35,48.39,58.34,1,52.1,0.7796,0.0478,0.1726,0.905,0.026,0.357,무효-인근대체(80m),31.8,2.6,67,37.0,44.7,67.35,0.8915,0.0359,0.2734,0.0898113395166932,,50.57,35.62,50.52,35.63,54.01,41.83,53.97,41.99
20260826_부암제1동_10,2026-08-26 14:27:00,부암제1동,부암제1동,35.1641,129.0459,36.0,47.3,0.7,62.44,49.96,61.39,1,52.9,0.9218,0.0261,0.0521,0.905,0.026,0.357,유효,31.8,2.6,67,36.4,45.5,68.44,0.8195,0.0038,0.486,0.1199967535310464,,50.62,35.63,50.62,35.76,55.11,44.15,54.95,43.92
20260826_부암제1동_11,2026-08-26 14:25:00,부암제1동,부암제1동,35.1637,129.0455,37.6,45.0,0.4,59.2,50.97,56.66,1,53.3,0.7332,0.0054,0.2614,0.613,0.0,0.484,유효,31.8,2.6,67,35.7,47.6,70.78,0.9205,0.0177,0.3226,0.1329610147514601,,50.42,36.03,50.68,35.62,56.98,47.89,57.07,48.22
20260826_부암제1동_12,2026-08-26 14:22:00,부암제1동,부암제1동,35.1632,129.0452,37.3,42.0,0.0,54.02,49.78,55.51,1,53.8,0.7977,0.0178,0.1845,0.613,0.0,0.484,무효-인근대체(66m),31.8,2.6,67,35.7,47.0,71.31,0.9689,0.0387,0.333,0.1283160732304291,,50.46,36.04,50.67,35.55,56.74,50.33,57.01,50.47
20260826_부암제1동_13,2026-08-26 14:20:00,부암제1동,부암제1동,35.1632,129.0458,37.3,44.0,0.7,62.96,51.06,61.01,1,54.1,0.7616,0.0076,0.2308,0.768,0.086,0.561,유효,31.8,2.6,67,37.0,46.9,70.09,0.8448,0.0184,0.2946,0.0462970077736313,,50.31,35.78,50.66,35.74,56.14,45.64,56.23,45.8
20260826_부암제1동_14,2026-08-26 14:17:00,부암제1동,부암제1동,35.1632,129.0464,37.3,45.4,0.8,63.41,51.08,60.2,1,54.6,0.9218,0.0092,0.069,0.827,0.23,0.286,유효,31.8,2.6,67,40.4,46.9,69.82,0.8786,0.0279,0.3996,0.1624761564669386,,49.83,35.61,50.68,35.69,56.17,45.53,56.26,45.49
20260826_부암제1동_15,2026-08-26 14:13:00,부암제1동,부암제1동,35.1632,129.0472,37.3,45.3,0.0,53.12,49.33,66.44,1,55.2,0.8962,0.0083,0.0956,0.979,0.032,0.378,유효,31.8,2.6,67,41.1,47.6,71.86,0.9169,0.0078,0.4031,0.0552228663874004,,50.76,35.56,50.81,35.66,57.68,50.81,57.68,50.82
20260826_부암제1동_16,2026-08-26 14:10:00,부암제1동,부암제1동,35.1626,129.0475,36.8,45.7,1.0,68.33,52.29,64.07,1,55.7,0.8999,0.0152,0.0848,0.843,0.019,0.26,유효,31.8,2.6,67,39.3,46.2,69.31,0.787,0.0277,0.221,0.0646593429132535,,50.73,35.76,50.65,35.83,55.51,44.2,55.53,44.03
20260826_보수동_01,2026-08-26 13:12:00,보수동,보수동,35.1054,129.0289,32.8,60.0,1.2,45.74,39.08,47.31,0,63.2,0.5825,0.019,0.3985,0.971,0.005,0.277,무효-인근대체(48m),33.0,2.1,69,34.9,37.9,46.27,0.5817,0.0182,0.5079,0.0966156914859722,43.69283175206243,42.17,35.78,39.87,35.45,39.02,34.49,39.03,34.49
20260826_보수동_02,2026-08-26 13:09:00,보수동,보수동,35.106,129.03,32.0,61.7,0.5,41.29,38.21,45.47,0,63.4,0.6779,0.0106,0.3115,0.356,0.0,0.626,무효-인근대체(56m),33.0,2.1,69,45.7,37.5,45.86,0.5955,0.0203,0.5644,0.0705083644811401,45.01424839581396,38.2,35.12,39.98,35.47,38.44,35.18,38.96,35.3
20260826_보수동_03,2026-08-26 13:04:00,보수동,보수동,35.1068,129.0311,34.0,55.5,1.1,47.94,40.99,53.26,0,63.8,0.7596,0.0074,0.233,0.47,0.01,0.638,유효,33.0,2.1,69,46.8,39.0,47.74,0.7926,0.0205,0.3992,0.1681998222941363,45.77548162087314,39.12,35.32,41.24,35.67,41.21,36.19,41.06,36.16
20260826_보수동_04,2026-08-26 13:01:00,보수동,보수동,35.1065,129.0312,33.6,57.3,0.0,40.01,40.59,53.14,0,64.0,0.6403,0.0897,0.27,0.47,0.01,0.638,유효,33.0,2.1,69,33.9,38.9,47.1,0.6131,0.015,0.5718,0.1135960215915223,45.53610056196064,39.14,35.32,40.15,35.51,40.13,40.02,40.25,40.09
20260826_보수동_05,2026-08-26 12:57:00,보수동,보수동,35.106,129.0309,33.5,62.0,0.7,51.52,43.86,50.16,1,64.3,0.5705,0.0167,0.4128,0.698,0.004,0.547,유효,32.7,2.7,71,44.2,44.9,69.93,0.729,0.0,0.533,0.083106291780395,44.42210376217002,52.09,38.27,52.15,38.24,54.69,43.25,54.49,43.47
20260826_보수동_06,2026-08-26 12:54:00,보수동,보수동,35.1055,129.0305,33.0,60.0,0.5,61.37,49.06,51.14,1,64.5,0.611,0.0422,0.3468,0.686,0.004,0.558,유효,32.7,2.7,71,43.4,44.1,69.61,0.6609,0.0016,0.5459,0.062909130691633,44.79750196058162,52.08,38.29,52.06,38.32,54.32,43.4,53.99,43.35
20260826_보수동_07,2026-08-26 12:49:00,보수동,보수동,35.105,129.0307,33.4,60.0,0.7,53.93,44.67,55.0,1,64.8,0.7249,0.0697,0.2054,0.708,0.059,0.389,유효,32.8,2.9,68,42.4,44.3,68.97,0.695,0.0303,0.4326,0.120424302715403,44.16171263021899,51.56,37.72,51.68,37.76,54.18,42.67,53.88,42.49
20260826_보수동_08,2026-08-26 12:44:00,보수동,보수동,35.1042,129.0293,36.0,54.0,0.0,49.71,47.13,50.68,1,65.0,0.8299,0.0723,0.0977,0.944,0.06,0.243,유효,32.8,2.9,68,43.0,47.4,72.44,0.6743,0.1394,0.2251,0.3216302262127244,45.17789321740253,51.74,37.44,51.13,37.67,56.82,49.99,57.48,50.31
20260826_보수동_09,2026-08-26 12:40:00,보수동,보수동,35.1047,129.029,34.7,54.4,0.7,58.69,47.67,56.02,1,65.1,0.6804,0.244,0.0756,0.885,0.09,0.283,무효-인근대체(72m),32.5,4.7,68,39.7,44.8,67.99,0.5477,0.2405,0.2442,0.6003190482935046,45.03631978972546,50.3,35.59,49.21,35.78,53.37,43.45,53.45,43.26
20260826_보수동_10,2026-08-26 12:35:00,보수동,보수동,35.1046,129.0281,34.1,57.0,0.5,54.23,46.05,53.12,1,65.2,0.8187,0.0692,0.1121,0.999,0.044,0.229,무효-인근대체(81m),32.5,4.7,68,40.3,45.0,69.78,0.5975,0.0755,0.4767,0.2956510710492075,45.91364726119512,50.56,35.5,49.97,35.86,54.64,44.57,54.69,44.19
20260826_보수동_11,2026-08-26 12:28:00,보수동,보수동,35.1042,129.0273,34.5,54.0,1.2,62.84,47.6,53.17,1,65.3,0.6978,0.0066,0.2956,0.826,0.0,0.447,유효,32.5,4.7,68,38.5,44.6,69.48,0.6952,0.0261,0.5226,0.1494835147220362,45.753496618522114,50.52,35.69,50.29,35.8,54.09,41.5,54.22,41.54
20260826_보수동_12,2026-08-26 12:24:00,보수동,보수동,35.1051,129.0274,35.9,49.0,0.0,51.44,47.94,55.56,1,65.3,0.718,0.0119,0.27,0.781,0.001,0.613,무효-인근대체(44m),32.5,4.7,68,40.3,46.9,73.18,0.9026,0.028,0.383,0.14639821104721,44.815059956472346,50.47,35.73,50.51,35.6,57.04,50.03,57.35,50.19
20260826_보수동_13,2026-08-26 12:19:00,보수동,보수동,35.1054,129.0289,34.5,52.0,0.5,52.96,45.21,54.94,1,65.3,0.6305,0.0159,0.3536,0.595,0.001,0.559,유효,32.5,4.7,68,32.8,45.2,70.94,0.5817,0.0182,0.5079,0.0966156914859722,43.69283175206243,50.26,35.91,50.17,35.91,55.1,44.54,55.11,44.45
20260826_보수동_14,2026-08-26 12:16:00,보수동,보수동,35.1058,129.0287,35.5,50.9,0.4,53.17,46.61,54.55,1,65.2,0.8555,0.0444,0.1001,0.971,0.005,0.277,유효,32.5,4.7,68,39.5,46.2,71.15,0.845,0.0215,0.3867,0.1026060624943007,42.80839573418925,50.65,35.54,50.47,35.66,56.09,46.19,55.9,46.08
20260826_보수동_15,2026-08-26 12:09:00,보수동,보수동,35.1065,129.0294,33.6,57.0,0.4,55.91,47.02,54.58,1,65.0,0.8336,0.11,0.0564,0.975,0.015,0.218,유효,32.5,4.7,68,39.1,44.3,69.09,0.8939,0.0344,0.2954,0.1603684576159181,44.062013331548485,50.63,35.54,50.49,35.61,54.51,44.05,53.99,43.94
20260826_보수동_16,2026-08-26 12:05:00,보수동,보수동,35.1074,129.0299,33.0,54.0,0.5,61.87,48.69,61.1,1,64.9,0.7606,0.0299,0.2094,0.975,0.015,0.218,무효-인근대체(110m),32.5,4.7,68,39.1,43.5,69.36,0.811,0.0398,0.3358,0.1431136997031206,44.03861979762783,50.63,35.54,50.39,35.68,53.36,41.82,53.49,41.98
20260825_용호제1동_01,2026-08-25 12:56:00,용호제1동,용호제1동,35.1247,129.1107,36.0,48.0,0.6,57.6,48.04,57.81,1,64.7,0.7768,0.0044,0.2189,0.17,0.0,0.554,유효,32.3,1.0,71,51.3,46.4,71.5,0.5798,0.0042,0.4828,0.0876216450300175,47.681830777138615,52.66,41.92,53.48,41.47,56.2,45.64,56.08,45.24
20260825_용호제1동_02,2026-08-25 12:51:00,용호제1동,용호제1동,35.1242,129.11,35.2,50.0,0.8,66.67,51.21,57.04,1,65.0,0.8936,0.0047,0.1017,0.837,0.0,0.316,유효,32.3,1.0,71,50.8,45.4,70.25,0.9022,0.0178,0.3186,0.0408193898133507,48.27677418543432,53.67,41.03,53.56,40.86,54.87,42.95,54.96,43.0
20260825_용호제1동_03,2026-08-25 12:46:00,용호제1동,용호제1동,35.1232,129.109,34.5,50.6,0.6,53.7,44.97,57.78,1,65.2,0.8535,0.0058,0.1408,0.923,0.006,0.586,유효,32.7,1.1,64,47.6,44.8,70.29,0.7476,0.0197,0.411,0.0568373567915773,46.52012524776144,53.23,39.92,53.21,40.27,54.67,43.24,54.64,43.02
20260825_용호제1동_04,2026-08-25 12:43:00,용호제1동,용호제1동,35.1239,129.1091,34.6,47.7,0.7,58.61,46.71,51.55,1,65.3,0.7373,0.0007,0.262,0.302,0.001,0.677,유효,32.7,1.1,64,48.6,44.6,70.37,0.608,0.0075,0.5455,0.0854924258452988,47.23115658651339,53.0,41.06,53.27,40.57,54.53,42.62,54.43,42.33
20260825_용호제1동_05,2026-08-25 12:41:00,용호제1동,용호제1동,35.1243,129.1092,34.1,51.0,0.7,61.71,48.17,56.72,1,65.4,0.8185,0.0021,0.1795,0.562,0.0,0.626,유효,32.7,1.1,64,50.5,44.3,69.89,0.6781,0.0037,0.5374,0.0680333790067306,47.47120968689941,53.3,40.67,53.32,40.45,54.29,42.27,54.15,41.94
20260825_용호제1동_06,2026-08-25 12:36:00,용호제1동,용호제1동,35.1233,129.1098,35.2,49.0,1.0,67.36,50.57,54.35,1,65.5,0.8587,0.0153,0.126,0.923,0.006,0.586,무효-인근대체(73m),32.7,1.1,64,48.5,45.0,69.81,0.7382,0.0066,0.4247,0.0339947132108455,47.15237332654789,53.23,39.92,53.3,40.32,54.71,42.34,54.51,42.06
20260825_용호제1동_07,2026-08-25 12:34:00,용호제1동,용호제1동,35.1229,129.1097,37.0,50.6,0.5,59.68,50.89,51.18,1,65.6,0.8873,0.0156,0.0971,0.847,0.191,0.256,유효,32.7,1.1,64,49.5,48.1,72.39,0.8161,0.0352,0.323,0.0388771439817583,46.93140596859581,52.1,39.71,53.1,40.1,57.47,48.03,57.57,47.96
20260825_용호제1동_08,2026-08-25 12:30:00,용호제1동,용호제1동,35.1229,129.1101,36.0,51.3,0.5,63.91,52.29,52.67,1,65.6,0.823,0.0098,0.1672,0.847,0.191,0.256,유효,32.7,1.1,64,49.5,46.9,71.81,0.4548,0.0068,0.5192,0.089656854350481,47.09538982073216,52.1,39.71,53.17,40.83,56.64,47.12,56.61,46.49
20260825_용호제1동_09,2026-08-25 12:27:00,용호제1동,용호제1동,35.1229,129.1103,36.9,46.0,0.3,56.12,49.42,54.99,1,65.6,0.7788,0.0951,0.1262,0.289,0.018,0.457,유효,31.3,2.6,72,42.6,47.2,71.89,0.5858,0.0078,0.5073,0.1385439690919164,47.11063099425675,50.13,36.37,50.6,35.99,57.51,48.83,56.69,48.13
20260825_용호제1동_10,2026-08-25 12:24:00,용호제1동,용호제1동,35.1228,129.1107,36.0,48.1,0.0,46.09,44.86,49.21,1,65.6,0.702,0.0169,0.2811,0.289,0.018,0.457,무효-인근대체(56m),31.3,2.6,72,42.6,46.9,73.22,0.7936,0.0091,0.3747,0.1813425574734225,46.92074278602796,50.13,36.37,50.73,35.67,57.32,50.2,57.32,50.2
20260825_용호제1동_11,2026-08-25 12:18:00,용호제1동,용호제1동,35.1229,129.1114,35.0,50.0,0.4,52.22,45.56,49.6,1,65.6,0.6921,0.014,0.2938,0.694,0.0,0.475,유효,31.3,2.6,72,42.5,45.6,71.44,0.5741,0.0087,0.5447,0.029487629400729,46.87621990446151,50.72,35.84,50.58,36.01,55.71,45.78,55.62,45.52
20260825_용호제1동_12,2026-08-25 12:16:00,용호제1동,용호제1동,35.1228,129.1117,34.2,52.2,0.4,54.97,46.54,49.34,1,65.6,0.7539,0.0032,0.2429,0.694,0.0,0.475,유효,31.3,2.6,72,42.5,44.9,70.89,0.7484,0.0087,0.4868,0.0261530099382066,46.62413310362221,50.72,35.84,50.71,35.75,54.98,44.54,55.02,44.55
20260825_용호제1동_13,2026-08-25 12:12:00,용호제1동,용호제1동,35.1228,129.1122,35.0,48.2,1.0,74.44,53.83,52.75,1,65.5,0.6793,0.0066,0.3141,0.861,0.0,0.521,유효,31.3,2.6,72,42.3,44.9,70.13,0.7586,0.0073,0.4368,0.0157921480079963,46.39376283007913,50.8,35.58,50.72,35.73,54.37,41.76,54.46,41.94
20260825_용호제1동_14,2026-08-25 12:09:00,용호제1동,용호제1동,35.123,129.1116,36.0,47.3,0.0,50.44,47.32,54.88,1,65.4,0.6837,0.0041,0.3122,0.501,0.0,0.535,유효,31.3,2.6,72,42.3,46.8,73.35,0.6302,0.0087,0.507,0.0221968581094037,46.82524753032787,50.55,36.12,50.63,35.93,57.32,50.2,57.34,50.21
20260825_용호제1동_15,2026-08-25 12:06:00,용호제1동,용호제1동,35.1236,129.1112,34.1,53.0,0.0,49.56,46.02,55.9,0,65.2,0.8692,0.0073,0.1235,0.395,0.0,0.583,유효,31.3,2.6,72,40.7,39.2,48.22,0.7086,0.0091,0.4532,0.063285267808453,47.841429952630186,36.97,32.03,39.01,32.29,40.94,40.39,41.82,40.88
20260823_명장제2동_01,2026-08-23 12:27:00,명장제2동,명장동,35.2111,129.0833,33.3,55.5,0.0,39.72,40.03,50.78,1,66.2,0.8864,0.0189,0.0947,0.89,0.005,0.48,유효,33.2,1.2,58,46.7,44.3,70.97,0.9055,0.0106,0.3684,0.1330441078443427,46.67445625418101,53.04,39.46,52.99,39.41,55.05,48.17,55.0,48.15
20260823_명장제3동_01,2026-08-23 12:17:00,명장제3동,명장동,35.214,129.0854,32.9,57.2,0.4,38.34,37.58,38.77,0,66.1,0.7359,0.0759,0.1882,0.313,0.027,0.523,무효-인근대체(44m),33.2,1.2,58,48.0,38.2,47.16,0.5725,0.3011,0.0353,0.6918845756323416,43.355615357153816,37.71,34.54,39.35,34.96,39.01,36.39,40.08,36.61
20260823_명장제4동_01,2026-08-23 12:14:00,명장제4동,명장동,35.2147,129.0854,33.2,54.8,1.8,52.13,40.42,44.57,0,66.1,0.7719,0.1113,0.1168,0.677,0.124,0.392,유효,33.2,1.2,58,48.5,37.4,47.54,0.5325,0.0953,0.347,0.4574488612302592,45.61994699195309,40.01,35.04,39.2,34.88,38.92,33.63,40.09,33.79
20260823_명장제5동_01,2026-08-23 12:11:00,명장제5동,명장동,35.215,129.0858,34.4,53.0,0.7,43.2,39.94,45.52,0,66.0,0.5134,0.2942,0.1924,0.503,0.005,0.458,유효,33.2,1.2,58,47.6,39.4,47.95,0.7782,0.0564,0.3611,0.3299195623085784,46.41896356041366,39.03,34.83,40.59,35.12,41.55,37.25,39.97,36.94
20260823_명장제6동_01,2026-08-23 12:07:00,명장제6동,명장동,35.2153,129.0854,34.2,53.3,0.0,38.85,40.0,45.21,0,65.8,0.7394,0.0123,0.2483,0.37,0.046,0.47,유효,33.2,1.2,58,49.1,39.3,48.04,0.7336,0.0268,0.4871,0.278588589874864,46.57987380782942,38.11,34.63,40.37,35.08,41.3,40.69,41.35,40.72
20260823_명장제7동_01,2026-08-23 12:04:00,명장제7동,명장동,35.2157,129.0844,34.5,52.3,1.1,46.4,40.51,44.81,1,65.7,0.6684,0.044,0.2876,0.002,0.001,0.314,무효-분석부실,33.5,1.2,59,48.0,44.5,69.2,0.6442,0.0212,0.4552,0.1592407178250141,48.3558501045813,52.76,41.59,53.47,40.7,54.09,41.56,53.92,41.46
20260823_명장제8동_01,2026-08-23 12:00:00,명장제8동,명장동,35.2161,129.0857,34.4,45.5,0.4,57.1,47.09,48.33,1,65.5,0.764,0.0129,0.2231,0.617,0.0,0.557,유효,33.5,1.2,59,48.2,44.3,70.58,0.6553,0.0086,0.5272,0.1331885095703519,48.02456113278625,53.61,40.8,53.56,40.71,54.55,43.75,54.36,43.45
20260823_명장제9동_01,2026-08-23 11:56:00,명장제9동,명장동,35.2162,129.0861,36.4,45.5,0.4,51.22,45.74,57.96,1,65.3,0.7989,0.0083,0.1928,0.97,0.009,0.307,유효,33.5,1.2,59,47.4,46.7,72.09,0.9348,0.0479,0.2831,0.1273982784053736,47.86686314743697,53.4,40.05,53.21,40.06,56.03,46.16,56.52,46.61
20260823_명장제10동_01,2026-08-23 11:53:00,명장제10동,명장동,35.2158,129.0861,34.7,49.7,0.4,49.4,43.8,51.25,1,65.1,0.8632,0.0093,0.1275,0.97,0.009,0.307,유효,33.5,1.2,59,47.4,45.1,70.74,0.5791,0.044,0.5021,0.2834341374484303,47.53772362499571,53.4,40.05,53.29,40.75,55.02,45.06,55.07,44.56
20260823_명장제11동_01,2026-08-23 11:50:00,명장제11동,명장동,35.2156,129.0868,36.8,44.5,0.5,62.58,51.44,53.02,1,64.9,0.7931,0.028,0.1789,0.494,0.05,0.6,유효,33.2,1.4,58,48.8,46.9,71.84,0.8673,0.0752,0.3037,0.4219531510119649,47.05623962044492,52.56,39.55,52.4,38.85,56.06,45.97,56.49,46.28
20260823_명장제12동_01,2026-08-23 11:47:00,명장제12동,명장동,35.2152,129.0874,36.7,46.7,0.0,54.37,49.76,54.71,1,64.6,0.8008,0.0255,0.1737,0.844,0.025,0.421,유효,33.2,1.4,58,33.9,47.5,73.19,0.7002,0.0557,0.45,0.4214606093674589,46.271159538928586,52.7,38.97,52.57,39.17,57.49,50.52,57.71,50.63
20260823_명장제13동_01,2026-08-23 11:43:00,명장제13동,명장동,35.2149,129.0882,36.9,44.4,0.5,55.64,47.86,52.39,1,64.3,0.7731,0.0112,0.2157,0.746,0.0,0.478,유효,33.2,1.4,58,45.7,47.1,72.08,0.7396,0.0556,0.4379,0.1327222909659195,46.320330957469466,52.9,39.19,52.56,39.1,56.42,46.44,56.72,46.52
20260823_명장제14동_01,2026-08-23 11:40:00,명장제14동,명장동,35.2145,129.0899,35.2,47.1,2.2,77.35,51.32,54.83,1,64.0,0.8633,0.0236,0.1131,0.794,0.029,0.449,무효-인근대체(64m),32.1,0.8,58,48.2,43.0,67.47,0.8276,0.0778,0.1685,0.3665960262871458,44.26187214243388,52.32,39.21,51.97,39.01,52.65,39.15,52.87,39.17
20260823_명장제15동_01,2026-08-23 11:34:00,명장제15동,명장동,35.2139,129.0899,34.9,45.7,0.0,53.24,48.06,53.63,1,63.4,0.8165,0.0969,0.0866,0.914,0.151,0.174,유효,32.1,0.8,58,47.2,44.9,70.65,0.7756,0.0769,0.1896,0.1825724918868764,44.92465810421197,51.42,38.66,52.0,39.13,55.14,48.49,54.93,48.35
20260823_명장제16동_01,2026-08-23 11:29:00,명장제16동,명장동,35.2136,129.0905,35.7,46.9,1.0,71.89,53.08,52.31,0,62.9,0.8343,0.0309,0.1348,0.83,0.038,0.327,유효,32.1,0.8,58,48.3,40.2,48.96,0.8463,0.0759,0.1988,0.1375993539958666,43.97655850878841,39.4,33.93,39.44,33.94,42.34,37.6,42.33,37.6
20260823_명장제17동_01,2026-08-23 11:22:00,명장제17동,명장동,35.2125,129.0902,35.7,46.3,0.7,61.02,48.82,55.91,0,62.1,0.8442,0.0655,0.0903,0.997,0.208,0.065,유효,32.1,0.8,58,47.4,40.2,48.81,0.919,0.1804,0.0666,0.2853992367892801,42.62262220223872,39.88,33.96,39.6,33.94,42.45,38.03,42.25,37.99
20260823_명장제18동_01,2026-08-23 11:19:00,명장제18동,명장동,35.2123,129.0897,35.0,50.4,0.0,41.91,42.0,53.48,1,61.8,0.8934,0.0743,0.0323,0.801,0.2,0.102,유효,32.1,0.8,58,48.2,45.5,70.8,0.853,0.1302,0.136,0.1695375940623809,42.91636309954413,51.13,38.78,51.57,38.83,55.27,48.86,55.69,49.07
